"","preciperature"
"Alytes_cisternasii",502.078774383826
"Alytes_dickhilleni",562.387967289843
"Alytes_obstetricans",777.891936527748
"Bombina_bombina",593.946905080386
"Bombina_pachypus",764.655836864714
"Bombina_variegata",994.087057404791
"Bufo_bufo",757.995379865391
"Bufo_calamita",702.509449388168
"Bufo_viridis",645.396855772201
"Chioglossa_lusitanica",1259.88953415108
"Discoglossus_galganoi",777.828622271907
"Discoglossus_jeanneae",493.939245196866
"Discoglossus_pictus",627.880119175268
"Calotriton_asper",975.628754779566
"Hyla_arborea",732.522015409876
"Hyla_intermedia",786.648974980023
"Hyla_meridionalis",697.333662373421
"Pelobates_cultripes",497.211702173656
"Pelobates_fuscus",613.072313246427
"Pelobates_syriacus",576.384515292342
"Pelodytes_ibericus",536.613190547369
"Pelodytes_punctatus",677.482905553934
"Pleurodeles_waltl",503.070144120409
"Proteus_anguinus",1432.30806500313
"Rana_arvalis",614.980934845747
"Rana_bergeri",764.655836864714
"Rana_dalmatina",846.961887521212
"Rana_epeirotica",NA
"Rana_graeca",705.063452414873
"Rana_iberica",921.50148315469
"Rana_italica",811.53090021719
"Rana_kurtmuelleri",701.458298865344
"Rana_latastei",1369.9555979775
"Rana_lessonae",707.685236402914
"Rana_perezi",548.910030855307
"Rana_pyrenaica",1047.50035557534
"Rana_ridibunda",670.848764200319
"Rana_shqiperica",NA
"Rana_temporaria",936.228635382894
"Salamandra_atra",1354.21115224805
"Salamandra_lanzai",NA
"Salamandra_salamandra",926.624165264827
"Salamandrina_perspicillata",811.53090021719
"Salamandrina_terdigitata",NA
"Mesotriton_alpestris",1021.17886430842
"Lissotriton_boscai",874.133402734417
"Triturus_carnifex",1164.10714589166
"Triturus_cristatus",821.819580216912
"Triturus_dobrogicus",576.692716685536
"Lissotriton_helveticus",937.257652095558
"Lissotriton_italicus",487.145782511961
"Triturus_karelinii",599.612610027026
"Triturus_marmoratus",917.698917146247
"Lissotriton_montandoni",894.604780555537
"Triturus_pygmaeus",553.98132631445
"Lissotriton_vulgaris",847.245931073822
"Calotriton_arnoldi",NA
"Bufo_siculus",627.880119175268
"Triturus_macedonicus",749.594824758843
