"","temperature"
"Alytes_cisternasii",15.1843024171636
"Alytes_dickhilleni",12.0349891306182
"Alytes_obstetricans",10.9981257639789
"Bombina_bombina",9.37076282080023
"Bombina_pachypus",13.4133142679673
"Bombina_variegata",8.07549530170295
"Bufo_bufo",8.90066394652583
"Bufo_calamita",10.9086174006584
"Bufo_viridis",8.46823788197233
"Chioglossa_lusitanica",12.0728947368912
"Discoglossus_galganoi",12.7085050406798
"Discoglossus_jeanneae",11.5596976624284
"Discoglossus_pictus",12.0096441363814
"Calotriton_asper",11.5405482477108
"Hyla_arborea",9.54118879143673
"Hyla_intermedia",12.7743611396653
"Hyla_meridionalis",14.3134453199384
"Pelobates_cultripes",13.2913799750086
"Pelobates_fuscus",8.33951480703275
"Pelobates_syriacus",11.4934363837479
"Pelodytes_ibericus",15.5359648756135
"Pelodytes_punctatus",11.5405482477108
"Pleurodeles_waltl",14.3527351188033
"Proteus_anguinus",8.32389302909901
"Rana_arvalis",7.36708330194748
"Rana_bergeri",13.202340042949
"Rana_dalmatina",9.76659007541938
"Rana_epeirotica",NA
"Rana_graeca",8.97847608503878
"Rana_iberica",11.237875182663
"Rana_italica",13.0378312636099
"Rana_kurtmuelleri",11.7251440741069
"Rana_latastei",8.07549530170295
"Rana_lessonae",8.32390831147031
"Rana_perezi",12.6775412787695
"Rana_pyrenaica",10.8506544727984
"Rana_ridibunda",8.84257875411992
"Rana_shqiperica",NA
"Rana_temporaria",6.88679168932617
"Salamandra_atra",3.87081483630332
"Salamandra_lanzai",NA
"Salamandra_salamandra",9.52393499030238
"Salamandrina_perspicillata",13.0378312636099
"Salamandrina_terdigitata",NA
"Mesotriton_alpestris",7.89965033036286
"Lissotriton_boscai",13.4875918489476
"Triturus_carnifex",8.41971864430181
"Triturus_cristatus",7.01642270649224
"Triturus_dobrogicus",11.2769903671646
"Lissotriton_helveticus",9.84776407753714
"Lissotriton_italicus",15.0315503645147
"Triturus_karelinii",11.5123555576842
"Triturus_marmoratus",11.330304419231
"Lissotriton_montandoni",6.00551624842691
"Triturus_pygmaeus",15.7178880381656
"Lissotriton_vulgaris",7.79885929433449
"Calotriton_arnoldi",NA
"Bufo_siculus",12.0096441363814
"Triturus_macedonicus",8.97847608503878
