"","temperature"
"Alytes_cisternasii",15.0121828551455
"Alytes_dickhilleni",11.6169714702436
"Alytes_obstetricans",10.850620109494
"Bombina_bombina",9.08730709134987
"Bombina_pachypus",13.4064093193464
"Bombina_variegata",7.99775070867968
"Bufo_bufo",8.56241996863354
"Bufo_calamita",10.9238863574251
"Bufo_viridis",8.63858486687597
"Chioglossa_lusitanica",12.491161155957
"Discoglossus_galganoi",13.0885509953491
"Discoglossus_jeanneae",11.91169019929
"Discoglossus_pictus",11.9092910573062
"Calotriton_asper",11.1028311096807
"Hyla_arborea",9.2211063802312
"Hyla_intermedia",12.0587776930841
"Hyla_meridionalis",13.9965857099536
"Pelobates_cultripes",13.0489146838699
"Pelobates_fuscus",8.48643060755755
"Pelobates_syriacus",11.7951257549175
"Pelodytes_ibericus",14.1212662467849
"Pelodytes_punctatus",12.009216840994
"Pleurodeles_waltl",13.982051532766
"Proteus_anguinus",8.62626582643404
"Rana_arvalis",6.61898895036278
"Rana_bergeri",13.2205545073554
"Rana_dalmatina",9.48613044910504
"Rana_epeirotica",NA
"Rana_graeca",9.64278686493518
"Rana_iberica",11.375135442609
"Rana_italica",12.6225461950114
"Rana_kurtmuelleri",12.1130218639209
"Rana_latastei",9.4251094910418
"Rana_lessonae",8.43096968301832
"Rana_perezi",12.8302578279603
"Rana_pyrenaica",10.788264750474
"Rana_ridibunda",8.85230332149833
"Rana_shqiperica",NA
"Rana_temporaria",5.99354048332511
"Salamandra_atra",3.87423137255361
"Salamandra_lanzai",NA
"Salamandra_salamandra",8.97121293931078
"Salamandrina_perspicillata",12.6225461950114
"Salamandrina_terdigitata",NA
"Mesotriton_alpestris",7.39474927218876
"Lissotriton_boscai",13.71942006527
"Triturus_carnifex",8.76041905274541
"Triturus_cristatus",6.28221145661473
"Triturus_dobrogicus",11.0287928908855
"Lissotriton_helveticus",10.1193700697224
"Lissotriton_italicus",15.1928932288139
"Triturus_karelinii",11.1225556988144
"Triturus_marmoratus",11.4691188011804
"Lissotriton_montandoni",5.27032761344126
"Triturus_pygmaeus",14.4422915019064
"Lissotriton_vulgaris",7.18682915364972
"Calotriton_arnoldi",NA
"Bufo_siculus",11.9092910573062
"Triturus_macedonicus",9.57329080964822
