"","temperature"
"Gavia_stellata",1.22356118828113
"Gavia_arctica",1.22356118828113
"Tachybaptus_ruficollis",9.76274764593744
"Podiceps_cristatus",9.2601811395048
"Podiceps_grisegena",6.68899763812805
"Podiceps_auritus",3.72846859779521
"Podiceps_nigricollis",8.80442627243618
"Fulmarus_glacialis",9.40976598163062
"Hydrobates_pelagicus",13.0127592781104
"Oceanodroma_leucorhoa",NA
"Morus_bassanus",1.10659058331178
"Phalacrocorax_carbo",9.47654670899986
"Pelecanus_crispus",NA
"Ardea_cinerea",8.34978083242077
"Ardea_purpurea",11.3306410039305
"Casmerodius_albus",10.2457817989251
"Egretta_garzetta",11.3306410039305
"Ardeola_ralloides",10.8075972402382
"Bubulcus_ibis",15.3281874540656
"Nycticorax_nycticorax",10.9739661047606
"Ixobrychus_minutus",10.1125240905266
"Botaurus_stellaris",8.55743044322415
"Ciconia_nigra",7.46674935769262
"Ciconia_ciconia",9.09204660165801
"Plegadis_falcinellus",10.7971235249073
"Platalea_leucorodia",14.8576101186524
"Cygnus_olor",7.91451956780434
"Cygnus_cygnus",-0.211748285315779
"Anser_fabalis",-0.595066386646835
"Anser_erythropus",-1.30118274792528
"Anser_anser",7.10903629902375
"Branta_leucopsis",NA
"Tadorna_ferruginea",10.5717298560836
"Tadorna_tadorna",8.72264296768222
"Mareca_penelope",1.28199703135333
"Mareca_strepera",9.15558265904183
"Anas_crecca",5.7628156059712
"Anas_platyrhynchos",7.56456826667411
"Anas_acuta",3.99458004947113
"Anas_querquedula",8.55743044322415
"Anas_clypeata",8.20525565952973
"Marmaronetta_angustirostris",10.7075700980231
"Netta_rufina",9.50552195646777
"Aythya_ferina",8.72264296768222
"Aythya_nyroca",10.1125240905266
"Aythya_fuligula",5.97038551116584
"Aythya_marila",-1.25747494815985
"Somateria_mollissima",4.38341757409955
"Somateria_spectabilis",NA
"Clangula_hyemalis",-1.66503338903277
"Melanitta_nigra",-0.78088743516519
"Melanitta_fusca",-0.884854454120419
"Bucephala_clangula",1.5888581779721
"Mergellus_albellus",-0.487215770440537
"Mergus_serrator",1.37619721942273
"Mergus_merganser",2.05012464984067
"Oxyura_leucocephala",16.4233440715521
"Pandion_haliaetus",3.55253162432126
"Pernis_apivorus",7.69021787552408
"Elanus_caeruleus",16.1475040886664
"Milvus_milvus",9.0046492185487
"Milvus_migrans",9.14586048950184
"Haliaeetus_albicilla",4.21755316169898
"Gypaetus_barbatus",10.7989701685461
"Neophron_percnopterus",12.8094699022797
"Gyps_fulvus",12.4809908751653
"Aegypius_monachus",14.5660251366783
"Circaetus_gallicus",10.700430462043
"Circus_aeruginosus",9.69483764744696
"Circus_cyaneus",6.6999174125244
"Circus_macrourus",7.15188276160383
"Circus_pygargus",10.6770797445442
"Accipiter_brevipes",11.0602819910387
"Accipiter_nisus",7.35478721223288
"Accipiter_gentilis",6.97442621395038
"Buteo_buteo",8.17342326857642
"Buteo_rufinus",10.7257110749971
"Buteo_lagopus",-0.487215770440537
"Aquila_pomarina",7.00294986002885
"Aquila_clanga",6.64242453647036
"Aquila_chrysaetos",4.55824840817316
"Hieraaetus_fasciatus",13.777227368639
"Hieraaetus_pennatus",11.1665353149734
"Falco_naumanni",13.0776175764097
"Falco_tinnunculus",7.63405851122225
"Falco_vespertinus",7.32614659652091
"Falco_eleonorae",NA
"Falco_columbarius",1.37619721942273
"Falco_subbuteo",8.88155859735216
"Falco_biarmicus",13.1989813915126
"Falco_cherrug",9.73936815116554
"Falco_rusticolus",-1.25747494815985
"Falco_peregrinus",7.59424072778784
"Lagopus_lagopus",1.3953494041807
"Lagopus_mutus",0.973886601164314
"Tetrao_urogallus",2.68035374011908
"Tetrao_tetrix",3.13334363007896
"Bonasa_bonasia",4.49725622137854
"Alectoris_graeca",6.33247783670507
"Alectoris_chukar",7.66412863866351
"Alectoris_barbara",NA
"Alectoris_rufa",12.4011364400548
"Perdix_perdix",8.17342326857642
"Coturnix_coturnix",9.59833551608841
"Phasianus_colchicus",9.0046492185487
"Anthropoides_virgo",NA
"Grus_grus",2.75633396413156
"Rallus_aquaticus",9.50552195646777
"Crex_crex",7.48499194351213
"Porzana_parva",7.38732668419701
"Porzana_pusilla",10.3294670982514
"Porzana_porzana",7.36308529998326
"Porphyrio_porphyrio",17.118516260002
"Gallinula_chloropus",9.55335910084415
"Fulica_atra",9.15558265904183
"Otis_tarda",14.3964932543697
"Tetrax_tetrax",14.5660251366783
"Haematopus_ostralegus",6.65731151246688
"Himantopus_himantopus",14.3693564643606
"Recurvirostra_avosetta",10.7135608558616
"Burhinus_oedicnemus",12.4206595221809
"Glareola_pratincola",14.9038249416032
"Glareola_nordmanni",9.31634478579346
"Vanellus_vanellus",6.65922368613499
"Pluvialis_apricaria",1.28199703135333
"Charadrius_hiaticula",1.61540078840209
"Charadrius_dubius",8.67536130396308
"Charadrius_alexandrinus",13.7530196786859
"Charadrius_morinellus",0.179526243430278
"Scolopax_rusticola",6.12189647819682
"Lymnocryptes_minimus",0.938738046090731
"Gallinago_media",4.21388822822863
"Gallinago_gallinago",6.02632971925103
"Limosa_limosa",7.36308529998326
"Limosa_lapponica",-2.42080775288596
"Numenius_phaeopus",0.973886601164314
"Numenius_arquata",5.97038551116584
"Tringa_erythropus",-0.817171511213624
"Tringa_totanus",6.16384465647404
"Tringa_stagnatilis",8.06173970809429
"Tringa_nebularia",1.00738448953629
"Tringa_ochropus",3.55253162432126
"Tringa_glareola",1.28011944485492
"Xenus_cinereus",4.77345660903154
"Actitis_hypoleucos",6.73596822501657
"Arenaria_interpres",1.57835761657622
"Calidris_minuta",-2.51491582872997
"Calidris_temminckii",-1.42689015999078
"Calidris_alpina",1.37619721942273
"Calidris_maritima",-1.25429073424915
"Limicola_falcinellus",-0.595066386646835
"Philomachus_pugnax",1.06773572979216
"Phalaropus_lobatus",-0.78088743516519
"Stercorarius_skua",6.91511085144985
"Stercorarius_parasiticus",2.19590087123006
"Stercorarius_longicaudus",-1.79310084321296
"Larus_canus",2.06198419967019
"Larus_marinus",5.52206651803338
"Larus_hyperboreus",NA
"Larus_argentatus",4.38341757409955
"Larus_graellsii",3.22340861549706
"Larus_ridibundus",6.72289045355291
"Larus_genei",14.8010300772686
"Larus_melanocephalus",10.5275890866243
"Larus_minutus",4.21388822822863
"Rissa_tridactyla",7.70467426846902
"Gelochelidon_nilotica",16.1898922445336
"Sterna_caspia",3.37659465084731
"Sterna_sandvicensis",9.54332743636909
"Sterna_dougallii",NA
"Sterna_hirundo",6.68742744316779
"Sterna_paradisaea",0.957405352969755
"Sterna_albifrons",9.14586048950184
"Chlidonias_hybridus",10.7257110749971
"Chlidonias_leucopterus",6.9902843933578
"Chlidonias_niger",8.05336462137006
"Uria_aalge",8.87885630249252
"Alca_torda",NA
"Cepphus_grylle",4.58900690562307
"Fratercula_arctica",NA
"Pterocles_alchata",14.5660251366783
"Pterocles_orientalis",13.1235853484498
"Columba_livia",8.4624736143585
"Columba_oenas",8.60128407748433
"Columba_palumbus",7.73650175466502
"Streptopelia_turtur",10.002314692419
"Streptopelia_decaocto",8.8344532293083
"Clamator_glandarius",14.694628660906
"Cuculus_canorus",7.61414961950504
"Cuculus_saturatus",NA
"Tyto_alba",10.5376583460535
"Otus_scops",10.8985142825702
"Bubo_bubo",6.73596822501657
"Strix_aluco",8.52399776059423
"Strix_uralensis",2.59428097571308
"Strix_nebulosa",1.5888581779721
"Surnia_ulula",0.0641301296898994
"Glaucidium_passerinum",3.29269185610646
"Athene_noctua",10.181577843159
"Aegolius_funereus",2.39636094832079
"Asio_otus",8.15110212123261
"Asio_flammeus",3.20878906136561
"Caprimulgus_ruficollis",15.7287288872196
"Caprimulgus_europaeus",9.38885772819415
"Apus_melba",12.0620261390214
"Apus_apus",8.08383162846252
"Apus_pallidus",13.8980046501581
"Apus_caffer",16.6242711242511
"Alcedo_atthis",9.64342680355823
"Merops_apiaster",10.9266560015159
"Coracias_garrulus",10.3294670982514
"Upupa_epops",10.1620964995988
"Jynx_torquilla",6.97442621395038
"Dendrocopos_minor",7.17499415567043
"Dendrocopos_medius",8.12380270307185
"Dendrocopos_major",7.29396970547677
"Picoides_tridactylus",1.93961796987082
"Dryocopus_martius",6.23464800854901
"Picus_viridis",9.15826412633007
"Picus_canus",6.68899763812805
"Melanocorypha_calandra",13.844888239114
"Calandrella_brachydactyla",13.7058484687498
"Calandrella_rufescens",15.0871380399896
"Chersophilus_duponti",11.1400408160405
"Galerida_cristata",10.4720356060399
"Lullula_arborea",9.99067703707613
"Alauda_arvensis",7.64909357494288
"Eremophila_alpestris",-1.42689015999078
"Riparia_riparia",7.41550353629549
"Ptyonoprogne_rupestris",11.6166830207909
"Hirundo_rustica",7.73650175466502
"Hirundo_daurica",13.844888239114
"Delichon_urbica",7.59206190787849
"Motacilla_alba",7.44850677187312
"Motacilla_citreola",6.11856425524951
"Motacilla_flava",7.46674935769262
"Motacilla_cinerea",9.39931185491239
"Anthus_campestris",10.6851852853035
"Anthus_trivialis",6.5045420612381
"Anthus_pratensis",5.68201225426556
"Anthus_cervinus",-2.24173561292942
"Anthus_spinoletta",7.59206190787849
"Regulus_regulus",6.5237772106713
"Regulus_ignicapillus",9.9238111407212
"Bombycilla_garrulus",0.134935310725398
"Cinclus_cinclus",6.45164397226034
"Troglodytes_troglodytes",7.75570621629733
"Prunella_collaris",3.14712592780571
"Prunella_modularis",6.65922368613499
"Monticola_saxatilis",9.72410508582476
"Monticola_solitarius",13.0776175764097
"Turdus_torquatus",3.84375960814385
"Turdus_merula",7.93920804498866
"Turdus_pilaris",4.42740725679023
"Turdus_iliacus",1.60643890944753
"Turdus_philomelos",6.82064964559256
"Turdus_viscivorus",7.75570621629733
"Cisticola_juncidis",13.6468131377781
"Cettia_cetti",12.8184727841934
"Locustella_naevia",7.83237088427483
"Locustella_fluviatilis",6.9710224873289
"Locustella_luscinioides",9.013709543427
"Acrocephalus_melanopogon",11.0743559797498
"Acrocephalus_paludicola",10.3294670982514
"Acrocephalus_schoenobaenus",7.03835792867859
"Acrocephalus_agricola",6.54301236010449
"Acrocephalus_scirpaceus",9.50552195646777
"Acrocephalus_dumetorum",3.9278141458436
"Acrocephalus_palustris",7.00294986002885
"Acrocephalus_arundinaceus",10.002314692419
"Hippolais_caligatus",4.77345660903154
"Hippolais_pallida",13.0776175764097
"Hippolais_olivetorum",13.8980046501581
"Hippolais_polyglotta",12.5535697035606
"Hippolais_icterina",6.02632971925103
"Phylloscopus_trochilus",6.00184704940361
"Phylloscopus_bonelli",7.35478721223288
"Phylloscopus_sibilatrix",6.68585724820754
"Phylloscopus_borealis",-1.42689015999078
"Phylloscopus_trochiloides",4.74648332920361
"Sylvia_atricapilla",8.23708805048304
"Sylvia_borin",6.68742744316779
"Sylvia_communis",8.17342326857642
"Sylvia_curruca",6.23464800854901
"Sylvia_nisoria",7.00294986002885
"Sylvia_hortensis",13.5026304261058
"Sylvia_rueppelli",12.4791433205984
"Sylvia_cantillans",13.1388273846282
"Sylvia_melanocephala",13.7058484687498
"Sylvia_conspicillata",13.829484206427
"Sylvia_undata",13.0127592781104
"Muscicapa_striata",7.50994387453626
"Ficedula_hypoleuca",5.77600691063801
"Ficedula_albicollis",7.18821418314612
"Ficedula_semitorquata",13.6482619369869
"Ficedula_parva",6.71299518398806
"Erithacus_rubecula",7.48499194351213
"Luscinia_luscinia",6.62562538680572
"Luscinia_megarhynchos",10.8075972402382
"Luscinia_svecica",3.72846859779521
"Tarsiger_cyanurus",NA
"Phoenicurus_ochruros",9.38669979857376
"Phoenicurus_phoenicurus",6.93647491343799
"Saxicola_rubetra",6.58431887345511
"Saxicola_torquata",9.99186975723375
"Oenanthe_leucura",13.0776175764097
"Oenanthe_oenanthe",7.07376599732833
"Oenanthe_pleschanka",10.1620964995988
"Oenanthe_hispanica",13.440758815746
"Oenanthe_isabellina",13.1576052615076
"Panurus_biarmicus",9.64342680355823
"Aegithalos_caudatus",8.4624736143585
"Parus_lugubris",10.5376583460535
"Parus_palustris",7.56456826667411
"Parus_montanus",4.74648332920361
"Parus_cinctus",-1.25747494815985
"Parus_ater",7.08897274476487
"Parus_cristatus",6.97761892668675
"Parus_major",7.73650175466502
"Parus_caeruleus",8.54037237172358
"Parus_cyanus",6.68899763812805
"Sitta_europaea",8.60128407748433
"Sitta_neumayer",11.4558815626705
"Tichodroma_muraria",6.22771903193559
"Certhia_familiaris",6.12554743443068
"Certhia_brachydactyla",10.6932908260628
"Remiz_pendulinus",8.92657918887269
"Oriolus_oriolus",9.85138024665358
"Lanius_collurio",7.73650175466502
"Lanius_excubitor",6.17660613189926
"Lanius_minor",10.0114447022248
"Lanius_nubicus",13.7731332935725
"Lanius_senator",12.9063232662236
"Perisoreus_infaustus",0.558184926122466
"Garrulus_glandarius",7.93920804498866
"Cyanopica_cyana",16.178510340916
"Pica_pica",7.63405851122225
"Nucifraga_caryocatactes",5.94307652898983
"Pyrrhocorax_pyrrhocorax",12.4206595221809
"Pyrrhocorax_graculus",3.87383501203453
"Corvus_monedula",9.14562442677971
"Corvus_frugilegus",8.85665476590041
"Corvus_corax",7.00294986002885
"Sturnus_roseus",10.1620964995988
"Sturnus_vulgaris",6.72289045355291
"Sturnus_unicolor",13.8687611329734
"Emberiza_citrinella",6.96761876070742
"Emberiza_cirlus",12.3661429285016
"Emberiza_cia",11.8514811343022
"Emberiza_hortulana",8.08880989927948
"Emberiza_caesia",12.7498715356445
"Emberiza_pusilla",-0.967935006867195
"Emberiza_rustica",1.13363452481763
"Emberiza_aureola",3.07022258014682
"Emberiza_melanocephala",12.4703222839012
"Emberiza_schoeniclus",6.5045420612381
"Miliaria_calandra",10.4995249792733
"Calcarius_lapponicus",-1.40160768632912
"Plectrophenax_nivalis",-0.78088743516519
"Fringilla_coelebs",7.72058801156702
"Fringilla_montifringilla",1.06773572979216
"Pinicola_enucleator",-0.791008280433619
"Carpodacus_erythrinus",4.77345660903154
"Loxia_pytyopsittacus",1.28199703135333
"Loxia_scotica",6.16384465647404
"Loxia_curvirostra",6.12522870114412
"Loxia_leucoptera",0.634750945478357
"Chloris_chloris",8.34978083242077
"Carduelis_flammea",2.60914782252405
"Carduelis_hornemanni",-2.19502227758603
"Carduelis_spinus",5.57091420741048
"Carduelis_carduelis",9.38885772819415
"Carduelis_flavirostris",2.29613090977542
"Carduelis_cannabina",9.10343357076842
"Serinus_serinus",10.0188501567556
"Serinus_citrinella",7.59206190787849
"Pyrrhula_pyrrhula",6.28584959351487
"Coccothraustes_coccothraustes",8.15110212123261
"Passer_domesticus",7.75570621629733
"Passer_hispaniolensis",14.8576101186524
"Passer_montanus",9.1301044519682
"Petronia_petronia",13.7058484687498
"Montifringilla_nivalis",3.14712592780571
"Galerida_theklae",14.4844395421022
