"","preciperature"
"Gavia_stellata",701.014196312056
"Gavia_arctica",685.750498099148
"Tachybaptus_ruficollis",771.045172068081
"Podiceps_cristatus",639.310892220226
"Podiceps_grisegena",595.843148934122
"Podiceps_auritus",625.559412426796
"Podiceps_nigricollis",618.81973272121
"Fulmarus_glacialis",1517.40938661698
"Hydrobates_pelagicus",1225.11588098666
"Oceanodroma_leucorhoa",NA
"Morus_bassanus",3122.95173337728
"Phalacrocorax_carbo",795.427988604165
"Pelecanus_crispus",NA
"Ardea_cinerea",799.462183549625
"Ardea_purpurea",644.523539253589
"Casmerodius_albus",540.947139874437
"Egretta_garzetta",641.815919504393
"Ardeola_ralloides",553.843057435057
"Bubulcus_ibis",617.810814083054
"Nycticorax_nycticorax",641.815919504393
"Ixobrychus_minutus",635.845238877879
"Botaurus_stellaris",617.168882353051
"Ciconia_nigra",617.168882353051
"Ciconia_ciconia",631.139631137446
"Plegadis_falcinellus",501.095770114942
"Platalea_leucorodia",542.773042811388
"Cygnus_olor",868.526228711372
"Cygnus_cygnus",568.254098971502
"Anser_fabalis",566.799974250177
"Anser_erythropus",706.654554207755
"Anser_anser",736.740696939283
"Branta_leucopsis",NA
"Tadorna_ferruginea",732.649780944682
"Tadorna_tadorna",1101.30257847175
"Mareca_penelope",701.014196312056
"Mareca_strepera",628.990456769987
"Anas_crecca",750.519929890134
"Anas_platyrhynchos",738.970774651705
"Anas_acuta",614.983011105927
"Anas_querquedula",648.739084379039
"Anas_clypeata",640.97024863601
"Marmaronetta_angustirostris",659.390810448653
"Netta_rufina",659.390810448653
"Aythya_ferina",645.953785339398
"Aythya_nyroca",536.247413445222
"Aythya_fuligula",737.849698803486
"Aythya_marila",685.750498099148
"Somateria_mollissima",1465.43493832806
"Somateria_spectabilis",NA
"Clangula_hyemalis",683.150929305667
"Melanitta_nigra",715.004370383268
"Melanitta_fusca",649.946736064345
"Bucephala_clangula",652.023354569742
"Mergellus_albellus",568.254098971502
"Mergus_serrator",768.69597836246
"Mergus_merganser",698.304738032243
"Oxyura_leucocephala",468.638187517128
"Pandion_haliaetus",640.97024863601
"Pernis_apivorus",729.260575255192
"Elanus_caeruleus",575.825262520103
"Milvus_milvus",634.014342603134
"Milvus_migrans",651.524383418679
"Haliaeetus_albicilla",628.782888611197
"Gypaetus_barbatus",999.530011372666
"Neophron_percnopterus",634.862023000044
"Gyps_fulvus",714.418876721463
"Aegypius_monachus",581.985216151557
"Circaetus_gallicus",676.621870188595
"Circus_aeruginosus",623.743073506158
"Circus_cyaneus",684.180842816904
"Circus_macrourus",600.467326959144
"Circus_pygargus",644.523539253589
"Accipiter_brevipes",568.109531543843
"Accipiter_nisus",783.336976358519
"Accipiter_gentilis",737.186216043607
"Buteo_buteo",734.9682123152
"Buteo_rufinus",573.31728124681
"Buteo_lagopus",697.898368505174
"Aquila_pomarina",616.657305876297
"Aquila_clanga",624.022158729243
"Aquila_chrysaetos",896.181862204541
"Hieraaetus_fasciatus",617.810814083054
"Hieraaetus_pennatus",612.285563382049
"Falco_naumanni",557.35641387416
"Falco_tinnunculus",746.993429507089
"Falco_vespertinus",607.259386280181
"Falco_eleonorae",NA
"Falco_columbarius",789.727444978804
"Falco_subbuteo",675.051313075117
"Falco_biarmicus",732.106208976242
"Falco_cherrug",536.247413445222
"Falco_rusticolus",946.573670192736
"Falco_peregrinus",906.817298710022
"Lagopus_lagopus",791.291416518161
"Lagopus_mutus",1198.33954352511
"Tetrao_urogallus",850.600871212272
"Tetrao_tetrix",828.473547049153
"Bonasa_bonasia",736.077214179403
"Alectoris_graeca",1335.79580588985
"Alectoris_chukar",1323.10595881705
"Alectoris_barbara",NA
"Alectoris_rufa",748.661986247882
"Perdix_perdix",733.747702754886
"Coturnix_coturnix",732.926955865564
"Phasianus_colchicus",792.993257994126
"Anthropoides_virgo",NA
"Grus_grus",632.304858481985
"Rallus_aquaticus",733.85990020695
"Crex_crex",738.513181563366
"Porzana_parva",612.340015868743
"Porzana_pusilla",616.657305876297
"Porzana_porzana",640.994847984194
"Porphyrio_porphyrio",490.82071668894
"Gallinula_chloropus",738.970774651705
"Fulica_atra",720.778843495006
"Otis_tarda",536.985428959667
"Tetrax_tetrax",603.133958987384
"Haematopus_ostralegus",1112.25254558932
"Himantopus_himantopus",577.2038075246
"Recurvirostra_avosetta",599.78225604761
"Burhinus_oedicnemus",611.316315407963
"Glareola_pratincola",542.641121036227
"Glareola_nordmanni",512.45897217545
"Vanellus_vanellus",715.004370383268
"Pluvialis_apricaria",786.872026834786
"Charadrius_hiaticula",783.336976358519
"Charadrius_dubius",671.856313675363
"Charadrius_alexandrinus",829.51955366528
"Charadrius_morinellus",1037.29863059612
"Scolopax_rusticola",799.462183549625
"Lymnocryptes_minimus",569.042625325256
"Gallinago_media",675.051313075117
"Gallinago_gallinago",741.21173059664
"Limosa_limosa",617.680458829805
"Limosa_lapponica",522.984134144325
"Numenius_phaeopus",667.249687922209
"Numenius_arquata",741.21173059664
"Tringa_erythropus",563.69968765724
"Tringa_totanus",697.050430693352
"Tringa_stagnatilis",565.270751018009
"Tringa_nebularia",665.974159216909
"Tringa_ochropus",643.548471782101
"Tringa_glareola",650.735559741512
"Xenus_cinereus",625.559412426796
"Actitis_hypoleucos",743.910279629914
"Arenaria_interpres",1748.65768956554
"Calidris_minuta",511.480688805039
"Calidris_temminckii",701.014196312056
"Calidris_alpina",1088.15063265738
"Calidris_maritima",1037.29863059612
"Limicola_falcinellus",607.919737580537
"Philomachus_pugnax",647.950260701872
"Phalaropus_lobatus",620.295632307356
"Stercorarius_skua",2103.34702381458
"Stercorarius_parasiticus",1307.26089105492
"Stercorarius_longicaudus",692.027618065695
"Larus_canus",698.101553268708
"Larus_marinus",1488.63099537043
"Larus_hyperboreus",NA
"Larus_argentatus",1517.40938661698
"Larus_graellsii",911.10862753574
"Larus_ridibundus",699.659467172149
"Larus_genei",593.812186195775
"Larus_melanocephalus",659.865364879978
"Larus_minutus",617.680458829805
"Rissa_tridactyla",2019.33011551171
"Gelochelidon_nilotica",557.35641387416
"Sterna_caspia",524.291995045815
"Sterna_sandvicensis",942.097122775001
"Sterna_dougallii",NA
"Sterna_hirundo",678.936657871977
"Sterna_paradisaea",712.022985632798
"Sterna_albifrons",634.014342603134
"Chlidonias_hybridus",545.823230331699
"Chlidonias_leucopterus",607.641056070685
"Chlidonias_niger",606.175445632173
"Uria_aalge",1465.43493832806
"Alca_torda",NA
"Cepphus_grylle",1609.59141108999
"Fratercula_arctica",NA
"Pterocles_alchata",468.638187517128
"Pterocles_orientalis",503.503417819853
"Columba_livia",773.36253445836
"Columba_oenas",743.210898623566
"Columba_palumbus",782.929868960965
"Streptopelia_turtur",709.788278776265
"Streptopelia_decaocto",800.211545775078
"Clamator_glandarius",604.671216390535
"Cuculus_canorus",745.451854568502
"Cuculus_saturatus",NA
"Tyto_alba",800.211545775078
"Otus_scops",679.680888441882
"Bubo_bubo",715.004370383268
"Strix_aluco",773.36253445836
"Strix_uralensis",650.735559741512
"Strix_nebulosa",594.176114490184
"Surnia_ulula",645.324001398056
"Glaucidium_passerinum",791.291416518161
"Athene_noctua",706.664753307045
"Aegolius_funereus",1122.49403534408
"Asio_otus",757.550607224329
"Asio_flammeus",664.698630511608
"Caprimulgus_ruficollis",543.345063591972
"Caprimulgus_europaeus",732.106208976242
"Apus_melba",858.255535176149
"Apus_apus",738.970774651705
"Apus_pallidus",644.523539253589
"Apus_caffer",591.531618698016
"Alcedo_atthis",734.414056261075
"Merops_apiaster",616.657305876297
"Coracias_garrulus",608.02272586119
"Upupa_epops",704.250822113617
"Jynx_torquilla",709.788278776265
"Dendrocopos_minor",706.664753307045
"Dendrocopos_medius",764.125390880509
"Dendrocopos_major",745.451854568502
"Picoides_tridactylus",697.898368505174
"Dryocopus_martius",733.747702754886
"Picus_viridis",743.210898623566
"Picus_canus",782.929868960965
"Melanocorypha_calandra",573.31728124681
"Calandrella_brachydactyla",641.815919504393
"Calandrella_rufescens",517.407640549562
"Chersophilus_duponti",440.987312997894
"Galerida_cristata",644.523539253589
"Lullula_arborea",709.788278776265
"Alauda_arvensis",753.862769791535
"Eremophila_alpestris",709.041600882329
"Riparia_riparia",699.456282408615
"Ptyonoprogne_rupestris",923.748574440448
"Hirundo_rustica",757.205609692937
"Hirundo_daurica",644.523539253589
"Delichon_urbica",741.669323684979
"Motacilla_alba",750.519929890134
"Motacilla_citreola",637.676135152625
"Motacilla_flava",683.998238234655
"Motacilla_cinerea",947.553000196054
"Anthus_campestris",621.733532298907
"Anthus_trivialis",771.045172068081
"Anthus_pratensis",746.993429507089
"Anthus_cervinus",569.042625325256
"Anthus_spinoletta",1046.64521270985
"Regulus_regulus",820.258534559053
"Regulus_ignicapillus",854.275706546534
"Bombycilla_garrulus",565.883159961165
"Cinclus_cinclus",988.790940526745
"Troglodytes_troglodytes",794.352032097831
"Prunella_collaris",1348.48565296264
"Prunella_modularis",851.927213878302
"Monticola_saxatilis",996.153639418129
"Monticola_solitarius",704.250822113617
"Turdus_torquatus",1198.91966732421
"Turdus_merula",782.929868960965
"Turdus_pilaris",736.077214179403
"Turdus_iliacus",683.984342278743
"Turdus_philomelos",797.211813762854
"Turdus_viscivorus",764.125390880509
"Cisticola_juncidis",765.02574369586
"Cettia_cetti",732.983054591596
"Locustella_naevia",802.205565883074
"Locustella_fluviatilis",617.168882353051
"Locustella_luscinioides",630.065043953716
"Acrocephalus_melanopogon",534.211134057955
"Acrocephalus_paludicola",521.876492689732
"Acrocephalus_schoenobaenus",667.955501098909
"Acrocephalus_agricola",783.744083756072
"Acrocephalus_scirpaceus",704.870505023245
"Acrocephalus_dumetorum",645.324001398056
"Acrocephalus_palustris",663.328095546351
"Acrocephalus_arundinaceus",645.60502099178
"Hippolais_caligatus",684.377343355064
"Hippolais_pallida",568.109531543843
"Hippolais_olivetorum",857.615864856273
"Hippolais_polyglotta",800.211545775078
"Hippolais_icterina",726.602703998334
"Phylloscopus_trochilus",786.872026834786
"Phylloscopus_bonelli",794.352032097831
"Phylloscopus_sibilatrix",798.712821324171
"Phylloscopus_borealis",571.639675385145
"Phylloscopus_trochiloides",645.324001398056
"Sylvia_atricapilla",795.710806201536
"Sylvia_borin",783.336976358519
"Sylvia_communis",807.111893452258
"Sylvia_curruca",701.014196312056
"Sylvia_nisoria",628.575320452407
"Sylvia_hortensis",704.560663568431
"Sylvia_rueppelli",780.933343484945
"Sylvia_cantillans",655.475218984567
"Sylvia_melanocephala",704.870505023245
"Sylvia_conspicillata",586.814208540874
"Sylvia_undata",782.929868960965
"Muscicapa_striata",741.669323684979
"Ficedula_hypoleuca",685.750498099148
"Ficedula_albicollis",635.845238877879
"Ficedula_semitorquata",581.985216151557
"Ficedula_parva",648.739084379039
"Erithacus_rubecula",772.155882636
"Luscinia_luscinia",620.982159566124
"Luscinia_megarhynchos",733.803801480918
"Luscinia_svecica",697.898368505174
"Tarsiger_cyanurus",NA
"Phoenicurus_ochruros",771.60052735204
"Phoenicurus_phoenicurus",748.756679698611
"Saxicola_rubetra",785.308055295429
"Saxicola_torquata",820.519905569026
"Oenanthe_leucura",557.35641387416
"Oenanthe_oenanthe",757.89560475572
"Oenanthe_pleschanka",533.493717433018
"Oenanthe_hispanica",704.870505023245
"Oenanthe_isabellina",589.718702611059
"Panurus_biarmicus",619.571105453993
"Aegithalos_caudatus",804.19958599107
"Parus_lugubris",723.944832741475
"Parus_palustris",812.914162508288
"Parus_montanus",734.9682123152
"Parus_cinctus",592.808386126649
"Parus_ater",932.654152009095
"Parus_cristatus",783.744083756072
"Parus_major",746.993429507089
"Parus_caeruleus",786.872026834786
"Parus_cyanus",640.945649287827
"Sitta_europaea",772.75920854718
"Sitta_neumayer",876.974274309688
"Tichodroma_muraria",1244.37751387826
"Certhia_familiaris",885.125243544441
"Certhia_brachydactyla",798.712821324171
"Remiz_pendulinus",608.02272586119
"Oriolus_oriolus",669.189704310734
"Lanius_collurio",716.392102155914
"Lanius_excubitor",647.775878528063
"Lanius_minor",641.815919504393
"Lanius_nubicus",638.784051680213
"Lanius_senator",733.747702754886
"Perisoreus_infaustus",622.927522367076
"Garrulus_glandarius",750.519929890134
"Cyanopica_cyana",577.2038075246
"Pica_pica",737.186216043607
"Nucifraga_caryocatactes",969.403009515498
"Pyrrhocorax_pyrrhocorax",799.146665741883
"Pyrrhocorax_graculus",1424.49068077818
"Corvus_monedula",734.414056261075
"Corvus_frugilegus",677.3661007585
"Corvus_corax",738.513181563366
"Sturnus_roseus",514.073339320807
"Sturnus_vulgaris",785.308055295429
"Sturnus_unicolor",597.3327888427
"Emberiza_citrinella",795.710806201536
"Emberiza_cirlus",800.211545775078
"Emberiza_cia",940.679850170875
"Emberiza_hortulana",643.569960451225
"Emberiza_caesia",643.118019132587
"Emberiza_pusilla",558.726329365637
"Emberiza_rustica",569.946887178323
"Emberiza_aureola",592.808386126649
"Emberiza_melanocephala",704.250822113617
"Emberiza_schoeniclus",709.788278776265
"Miliaria_calandra",706.664753307045
"Calcarius_lapponicus",723.113908462968
"Plectrophenax_nivalis",1039.04628254508
"Fringilla_coelebs",757.550607224329
"Fringilla_montifringilla",712.022985632798
"Pinicola_enucleator",592.808386126649
"Carpodacus_erythrinus",649.946736064345
"Loxia_pytyopsittacus",675.051313075117
"Loxia_scotica",2247.92959739498
"Loxia_curvirostra",808.073029196021
"Loxia_leucoptera",573.887516389681
"Chloris_chloris",752.099519600013
"Carduelis_flammea",1011.5283345709
"Carduelis_hornemanni",566.446929818516
"Carduelis_spinus",920.847398761157
"Carduelis_carduelis",772.155882636
"Carduelis_flavirostris",1763.2420277715
"Carduelis_cannabina",772.20385326322
"Serinus_serinus",729.260575255192
"Serinus_citrinella",1234.74669743246
"Pyrrhula_pyrrhula",871.734561127734
"Coccothraustes_coccothraustes",713.090190466089
"Passer_domesticus",736.077214179403
"Passer_hispaniolensis",568.109531543843
"Passer_montanus",741.669323684979
"Petronia_petronia",659.390810448653
"Montifringilla_nivalis",1443.79460732046
"Galerida_theklae",555.616338899216
