"","temperature"
"Gavia_stellata",1.26597558236625
"Gavia_arctica",1.27329038610349
"Tachybaptus_ruficollis",10.1202919127267
"Podiceps_cristatus",8.90415250659514
"Podiceps_grisegena",6.06539884596197
"Podiceps_auritus",2.94790452459798
"Podiceps_nigricollis",9.02374363460848
"Fulmarus_glacialis",9.55431119779511
"Hydrobates_pelagicus",13.0127592781104
"Oceanodroma_leucorhoa",NA
"Morus_bassanus",1.10659058331178
"Phalacrocorax_carbo",9.29055434844276
"Pelecanus_crispus",NA
"Ardea_cinerea",7.96564775082845
"Ardea_purpurea",11.8780506280863
"Casmerodius_albus",10.2269058550482
"Egretta_garzetta",12.1921557953761
"Ardeola_ralloides",11.5882180821591
"Bubulcus_ibis",14.8904174089434
"Nycticorax_nycticorax",11.3225950940187
"Ixobrychus_minutus",10.2930311104236
"Botaurus_stellaris",8.83262047466501
"Ciconia_nigra",8.63969648239867
"Ciconia_ciconia",9.55209854290634
"Plegadis_falcinellus",11.8628750661122
"Platalea_leucorodia",13.6036413336211
"Cygnus_olor",7.72829165549649
"Cygnus_cygnus",0.459179411907218
"Anser_fabalis",-0.124119386835752
"Anser_erythropus",-1.20493279303849
"Anser_anser",6.47531738682979
"Branta_leucopsis",NA
"Tadorna_ferruginea",10.5717298560836
"Tadorna_tadorna",7.61157019995185
"Mareca_penelope",1.86720480694064
"Mareca_strepera",9.33892322894282
"Anas_crecca",4.70151152070049
"Anas_platyrhynchos",7.07706886994711
"Anas_acuta",4.00516306624071
"Anas_querquedula",8.10416647870794
"Anas_clypeata",7.70416158390987
"Marmaronetta_angustirostris",10.7075700980231
"Netta_rufina",11.0398532111802
"Aythya_ferina",8.47570866594567
"Aythya_nyroca",9.87517485404503
"Aythya_fuligula",4.89971570819201
"Aythya_marila",-0.921097723802343
"Somateria_mollissima",4.51389113281229
"Somateria_spectabilis",NA
"Clangula_hyemalis",-1.42052826850549
"Melanitta_nigra",0.339268959841895
"Melanitta_fusca",-0.476500583190862
"Bucephala_clangula",2.10866117067053
"Mergellus_albellus",0.0714577940383245
"Mergus_serrator",2.19929718872615
"Mergus_merganser",2.52075344938327
"Oxyura_leucocephala",15.5598576761102
"Pandion_haliaetus",3.3544021324988
"Pernis_apivorus",7.61242375923274
"Elanus_caeruleus",15.2289827307908
"Milvus_milvus",10.0856821768777
"Milvus_migrans",9.53494692029778
"Haliaeetus_albicilla",3.70878973283735
"Gypaetus_barbatus",10.6510546536412
"Neophron_percnopterus",12.9798802407239
"Gyps_fulvus",12.1819387851467
"Aegypius_monachus",13.3359809085549
"Circaetus_gallicus",10.5562261315356
"Circus_aeruginosus",9.58780124626578
"Circus_cyaneus",6.09736259554817
"Circus_macrourus",7.74228420423758
"Circus_pygargus",10.6063120902362
"Accipiter_brevipes",11.8594674406945
"Accipiter_nisus",6.91126460401857
"Accipiter_gentilis",6.58398130824947
"Buteo_buteo",8.15404768896113
"Buteo_rufinus",11.1077511819679
"Buteo_lagopus",-0.13826827551789
"Aquila_pomarina",7.69679817181915
"Aquila_clanga",6.12795550995447
"Aquila_chrysaetos",4.86439114737228
"Hieraaetus_fasciatus",13.3807293465613
"Hieraaetus_pennatus",11.3904811678439
"Falco_naumanni",12.3033879686446
"Falco_tinnunculus",7.14145482686064
"Falco_vespertinus",7.73398034742172
"Falco_eleonorae",NA
"Falco_columbarius",2.26197865848533
"Falco_subbuteo",8.77606180416065
"Falco_biarmicus",13.0345086900066
"Falco_cherrug",9.26034458953691
"Falco_rusticolus",-0.632329196567764
"Falco_peregrinus",7.36079695752824
"Lagopus_lagopus",2.33426412419002
"Lagopus_mutus",1.86219802862384
"Tetrao_urogallus",2.85210445047985
"Tetrao_tetrix",3.20923243326047
"Bonasa_bonasia",3.86341932323697
"Alectoris_graeca",6.31846949254402
"Alectoris_chukar",8.16831999162333
"Alectoris_barbara",NA
"Alectoris_rufa",12.2033631531284
"Perdix_perdix",8.31025499328684
"Coturnix_coturnix",9.44566878364335
"Phasianus_colchicus",8.89495607069899
"Anthropoides_virgo",NA
"Grus_grus",2.99195612021503
"Rallus_aquaticus",9.43241995295802
"Crex_crex",7.23152649581886
"Porzana_parva",8.63530144948309
"Porzana_pusilla",10.6400583685701
"Porzana_porzana",7.54356596919088
"Porphyrio_porphyrio",17.118516260002
"Gallinula_chloropus",9.71051238356594
"Fulica_atra",9.07097716563679
"Otis_tarda",13.3448582648122
"Tetrax_tetrax",13.6301043936956
"Haematopus_ostralegus",6.14954554242371
"Himantopus_himantopus",13.5667257651608
"Recurvirostra_avosetta",12.3440236885798
"Burhinus_oedicnemus",12.3696364975272
"Glareola_pratincola",14.1317069480205
"Glareola_nordmanni",9.19908857254904
"Vanellus_vanellus",6.04392949477418
"Pluvialis_apricaria",2.13716799903626
"Charadrius_hiaticula",3.07605514162927
"Charadrius_dubius",8.66289403711609
"Charadrius_alexandrinus",13.1993320001002
"Charadrius_morinellus",1.17134053507553
"Scolopax_rusticola",5.30934341230149
"Lymnocryptes_minimus",0.698858352653363
"Gallinago_media",2.99537784750506
"Gallinago_gallinago",5.04208272438728
"Limosa_limosa",7.70314147400699
"Limosa_lapponica",-2.17832425037722
"Numenius_phaeopus",0.886932650321735
"Numenius_arquata",4.98738987638183
"Tringa_erythropus",-0.455465867840429
"Tringa_totanus",5.44279073947436
"Tringa_stagnatilis",8.10844011309098
"Tringa_nebularia",1.14267042118925
"Tringa_ochropus",3.3172342440003
"Tringa_glareola",1.85213715744413
"Xenus_cinereus",5.45469706163881
"Actitis_hypoleucos",6.46775840258848
"Arenaria_interpres",2.23129951786584
"Calidris_minuta",-2.51491582872997
"Calidris_temminckii",-0.892081128240346
"Calidris_alpina",2.29535053820987
"Calidris_maritima",-0.140033834508242
"Limicola_falcinellus",-0.300860705629266
"Philomachus_pugnax",1.38307095184661
"Phalaropus_lobatus",-0.243276809744212
"Stercorarius_skua",6.91511085144985
"Stercorarius_parasiticus",2.12633180496576
"Stercorarius_longicaudus",-1.59866108017743
"Larus_canus",2.74343099723157
"Larus_marinus",4.72002812993183
"Larus_hyperboreus",NA
"Larus_argentatus",4.40999064368504
"Larus_graellsii",4.53127819610047
"Larus_ridibundus",6.23835367869239
"Larus_genei",14.8010300772686
"Larus_melanocephalus",10.2024913367887
"Larus_minutus",3.99591672825498
"Rissa_tridactyla",6.64508691406692
"Gelochelidon_nilotica",15.6980843165384
"Sterna_caspia",3.05172929949439
"Sterna_sandvicensis",10.4281898304511
"Sterna_dougallii",NA
"Sterna_hirundo",6.35029157801046
"Sterna_paradisaea",1.65690900624664
"Sterna_albifrons",10.2088472774473
"Chlidonias_hybridus",11.3645682386976
"Chlidonias_leucopterus",7.71452484856894
"Chlidonias_niger",8.26835450290036
"Uria_aalge",8.87885630249252
"Alca_torda",NA
"Cepphus_grylle",5.08527643457949
"Fratercula_arctica",NA
"Pterocles_alchata",13.5241845243214
"Pterocles_orientalis",13.0975699795739
"Columba_livia",8.16102136720439
"Columba_oenas",8.49108978557054
"Columba_palumbus",7.49705290380613
"Streptopelia_turtur",10.0076651514403
"Streptopelia_decaocto",8.69304641768898
"Clamator_glandarius",14.357215789693
"Cuculus_canorus",7.12061780073232
"Cuculus_saturatus",NA
"Tyto_alba",10.8044567214751
"Otus_scops",10.7229199620781
"Bubo_bubo",6.91829165227432
"Strix_aluco",8.41219230094283
"Strix_uralensis",3.05388629931294
"Strix_nebulosa",2.09015495461334
"Surnia_ulula",0.259453337825923
"Glaucidium_passerinum",3.34823198678796
"Athene_noctua",10.1915626505781
"Aegolius_funereus",3.18389169253916
"Asio_otus",7.94034933410081
"Asio_flammeus",3.62149521809781
"Caprimulgus_ruficollis",15.077770331846
"Caprimulgus_europaeus",9.2013744992834
"Apus_melba",10.4791558647284
"Apus_apus",7.60407062152027
"Apus_pallidus",14.1017549330229
"Apus_caffer",16.6242711242511
"Alcedo_atthis",9.7667923670437
"Merops_apiaster",11.270410359748
"Coracias_garrulus",10.4958859966093
"Upupa_epops",9.8772638356247
"Jynx_torquilla",6.64566269008173
"Dendrocopos_minor",6.49337621956616
"Dendrocopos_medius",8.80779191444117
"Dendrocopos_major",7.01630379565983
"Picoides_tridactylus",2.38262452668102
"Dryocopus_martius",5.71333052298269
"Picus_viridis",9.16707263475501
"Picus_canus",6.24810231580411
"Melanocorypha_calandra",13.2725595158785
"Calandrella_brachydactyla",13.1316189865588
"Calandrella_rufescens",14.8368273981945
"Chersophilus_duponti",11.1857877966936
"Galerida_cristata",10.6343177355735
"Lullula_arborea",9.82584363356293
"Alauda_arvensis",7.22152630895208
"Eremophila_alpestris",0.38018054679602
"Riparia_riparia",6.93422683037067
"Ptyonoprogne_rupestris",10.2417080192425
"Hirundo_rustica",7.380893695795
"Hirundo_daurica",13.0977818909772
"Delichon_urbica",7.06317357430002
"Motacilla_alba",6.9070578595413
"Motacilla_citreola",6.08831600085086
"Motacilla_flava",6.87434930411171
"Motacilla_cinerea",8.96831710391967
"Anthus_campestris",10.9688520335246
"Anthus_trivialis",5.82190716975923
"Anthus_pratensis",4.52676944099856
"Anthus_cervinus",-2.30285486607576
"Anthus_spinoletta",7.22213807649447
"Regulus_regulus",6.08470420089828
"Regulus_ignicapillus",9.60470767254368
"Bombycilla_garrulus",0.269623361527222
"Cinclus_cinclus",5.84752761065191
"Troglodytes_troglodytes",7.49582249421884
"Prunella_collaris",3.44970368566858
"Prunella_modularis",6.06467801237309
"Monticola_saxatilis",8.75853333994301
"Monticola_solitarius",12.8501186488861
"Turdus_torquatus",3.42936050525504
"Turdus_merula",7.56812364437886
"Turdus_pilaris",3.79559377266413
"Turdus_iliacus",2.1351243488376
"Turdus_philomelos",6.18785558327325
"Turdus_viscivorus",7.67047717769468
"Cisticola_juncidis",13.2541304330713
"Cettia_cetti",12.674882149399
"Locustella_naevia",7.51295807768546
"Locustella_fluviatilis",6.79607692897083
"Locustella_luscinioides",9.51247473869838
"Acrocephalus_melanopogon",11.5382533959901
"Acrocephalus_paludicola",9.92594038031026
"Acrocephalus_schoenobaenus",6.30636602677037
"Acrocephalus_agricola",6.54301236010449
"Acrocephalus_scirpaceus",9.49435551490313
"Acrocephalus_dumetorum",3.75808445830889
"Acrocephalus_palustris",7.07038059854202
"Acrocephalus_arundinaceus",9.87145783665279
"Hippolais_caligatus",4.77345660903154
"Hippolais_pallida",13.0143838019516
"Hippolais_olivetorum",13.9451947805234
"Hippolais_polyglotta",12.4032713309629
"Hippolais_icterina",5.22667733510037
"Phylloscopus_trochilus",5.02722911955555
"Phylloscopus_bonelli",6.85241350321801
"Phylloscopus_sibilatrix",6.19711288970621
"Phylloscopus_borealis",-0.604293800163133
"Phylloscopus_trochiloides",4.63120126770176
"Sylvia_atricapilla",7.8883867020803
"Sylvia_borin",6.25900614167384
"Sylvia_communis",7.8478527824274
"Sylvia_curruca",5.78583888906448
"Sylvia_nisoria",7.30181965808212
"Sylvia_hortensis",13.0428637163477
"Sylvia_rueppelli",12.4791433205984
"Sylvia_cantillans",12.6712416289952
"Sylvia_melanocephala",13.135141256206
"Sylvia_conspicillata",13.3492429577238
"Sylvia_undata",13.1651632852468
"Muscicapa_striata",7.04786129877352
"Ficedula_hypoleuca",5.02069159900385
"Ficedula_albicollis",7.41791951789563
"Ficedula_semitorquata",13.2190614371754
"Ficedula_parva",6.69308135849688
"Erithacus_rubecula",6.98577372347044
"Luscinia_luscinia",6.1857789900687
"Luscinia_megarhynchos",10.8550571447892
"Luscinia_svecica",3.58885492407279
"Tarsiger_cyanurus",NA
"Phoenicurus_ochruros",9.25711307981721
"Phoenicurus_phoenicurus",6.39695171568229
"Saxicola_rubetra",5.84573823607084
"Saxicola_torquata",9.85555240247029
"Oenanthe_leucura",13.0719078396318
"Oenanthe_oenanthe",6.31098566144365
"Oenanthe_pleschanka",10.5927597576673
"Oenanthe_hispanica",12.6725703525581
"Oenanthe_isabellina",13.1576052615076
"Panurus_biarmicus",9.76836025109905
"Aegithalos_caudatus",8.0258763000534
"Parus_lugubris",10.6590533967507
"Parus_palustris",7.40803157423851
"Parus_montanus",4.34509223839261
"Parus_cinctus",-1.14392998397171
"Parus_ater",6.91072051816284
"Parus_cristatus",7.15597580067863
"Parus_major",7.38999821098938
"Parus_caeruleus",8.06220872523373
"Parus_cyanus",6.68899763812805
"Sitta_europaea",8.46585157280603
"Sitta_neumayer",11.4268276909593
"Tichodroma_muraria",5.97132505299671
"Certhia_familiaris",5.40580834298424
"Certhia_brachydactyla",10.483501401205
"Remiz_pendulinus",9.58589114667962
"Oriolus_oriolus",9.73085872625379
"Lanius_collurio",7.61698987163014
"Lanius_excubitor",6.21299791098495
"Lanius_minor",10.050418227916
"Lanius_nubicus",13.6002915967143
"Lanius_senator",12.7154400442051
"Perisoreus_infaustus",0.403241926670939
"Garrulus_glandarius",7.47375987314323
"Cyanopica_cyana",14.71958730118
"Pica_pica",7.07694850970799
"Nucifraga_caryocatactes",5.22653531169671
"Pyrrhocorax_pyrrhocorax",12.0072838305694
"Pyrrhocorax_graculus",3.86712361542104
"Corvus_monedula",8.86001001149533
"Corvus_frugilegus",8.42952829236973
"Corvus_corax",6.66979677715185
"Sturnus_roseus",10.1620964995988
"Sturnus_vulgaris",6.2212514701862
"Sturnus_unicolor",13.6663969578374
"Emberiza_citrinella",6.2132375026507
"Emberiza_cirlus",11.8494583348825
"Emberiza_cia",11.0101464440066
"Emberiza_hortulana",8.19434542186024
"Emberiza_caesia",12.7286711738074
"Emberiza_pusilla",-1.20386259251862
"Emberiza_rustica",0.653548468334881
"Emberiza_aureola",2.58499486518687
"Emberiza_melanocephala",12.4516372317103
"Emberiza_schoeniclus",6.15237297573665
"Miliaria_calandra",10.4772320717076
"Calcarius_lapponicus",-0.969612643977328
"Plectrophenax_nivalis",0.360434262109251
"Fringilla_coelebs",7.36553115519529
"Fringilla_montifringilla",1.06168711666799
"Pinicola_enucleator",-0.772129414523626
"Carpodacus_erythrinus",4.43738398526171
"Loxia_pytyopsittacus",1.54736685735914
"Loxia_scotica",6.32665144085553
"Loxia_curvirostra",5.65872237360684
"Loxia_leucoptera",0.186545952696778
"Chloris_chloris",7.94295970434466
"Carduelis_flammea",3.39089225529844
"Carduelis_hornemanni",-2.25628302282421
"Carduelis_spinus",4.61491910679989
"Carduelis_carduelis",9.29338955371934
"Carduelis_flavirostris",2.52743972155298
"Carduelis_cannabina",8.76028578090254
"Serinus_serinus",10.0141026059576
"Serinus_citrinella",6.86334768464566
"Pyrrhula_pyrrhula",5.72512286091409
"Coccothraustes_coccothraustes",8.55744140599025
"Passer_domesticus",7.34118552439512
"Passer_hispaniolensis",14.0811368943239
"Passer_montanus",8.91145106166973
"Petronia_petronia",13.1115821907938
"Montifringilla_nivalis",3.53961375020474
"Galerida_theklae",13.8163490189669
