"","temperature"
"Alces_alces",1.08680363713766
"Allactaga_major",8.49072646290743
"Vulpes_lagopus",-1.88813178764402
"Apodemus_agrarius",7.31746463004207
"Apodemus_alpicola",2.63828796796984
"Apodemus_epimelas",11.7227307236412
"Apodemus_flavicollis",7.84790382966293
"Apodemus_sylvaticus",9.25420785557746
"Apodemus_uralensis",7.27202854736039
"Arvicola_amphibius",6.78327532148682
"Arvicola_sapidus",12.559621175017
"Arvicola_scherman",6.19829266137078
"Atelerix_algirus",15.5503856948754
"Barbastella_barbastellus",9.70678404209583
"Bison_bonasus",NA
"Canis_aureus",10.3959718747545
"Canis_lupus",6.81452399928242
"Capra_ibex",2.05078584102715
"Capra_pyrenaica",12.3727795318496
"Capreolus_capreolus",7.35861923491228
"Castor_fiber",4.56261365692119
"Cervus_elaphus",7.68777303001609
"Chionomys_nivalis",5.27792549961666
"Cricetulus_migratorius",9.69218437270903
"Cricetus_cricetus",8.13894077050986
"Crocidura_leucodon",8.43784619151165
"Crocidura_russula",12.0989659898196
"Crocidura_sicula",15.3658316319705
"Crocidura_suaveolens",9.32891424103294
"Dama_dama",12.2609004435641
"Desmana_moschata",NA
"Dinaromys_bogdanovi",8.23891867049606
"Dryomys_nitedula",7.27202854736039
"Eliomys_quercinus",10.8917646863733
"Eptesicus_nilssonii",3.20980782516994
"Eptesicus_serotinus",9.78853120921791
"Erinaceus_europaeus",8.56950509185934
"Erinaceus_roumanicus",7.33778075669227
"Felis_silvestris",11.4354214148072
"Galemys_pyrenaicus",12.9022300091958
"Genetta_genetta",12.9516911309996
"Glis_glis",8.37142206036077
"Gulo_gulo",-0.825481352306539
"Hypsugo_savii",12.1161933225938
"Hystrix_cristata",13.8085068817875
"Lemmus_lemmus",-0.809880041255581
"Lepus_castroviejoi",NA
"Lepus_corsicanus",15.5862147648134
"Lepus_europaeus",7.89785204614858
"Lepus_granatensis",13.2719603435639
"Lepus_timidus",1.41878323977027
"Lutra_lutra",7.78406323019017
"Lynx_lynx",2.0447385506215
"Lynx_pardinus",NA
"Marmota_marmota",2.8100529039371
"Martes_foina",9.69948420740243
"Martes_martes",6.99115746734138
"Meles_meles",8.26336251021001
"Mesocricetus_newtoni",NA
"Micromys_minutus",7.92897998426699
"Microtus_agrestis",6.24243891609771
"Microtus_arvalis",8.07081699233491
"Microtus_bavaricus",NA
"Microtus_brachycercus",13.8002967885814
"Microtus_cabrerae",14.8992576988123
"Microtus_duodecimcostatus",12.689832470068
"Microtus_felteni",10.842154704056
"Microtus_gerbei",12.2342733618845
"Microtus_guentheri",12.7376712044956
"Microtus_levis",6.75703957667416
"Microtus_lusitanicus",12.9290071986116
"Microtus_multiplex",2.73604502911976
"Microtus_oeconomus",0.69691143477822
"Microtus_savii",13.0411046070486
"Microtus_subterraneus",7.33778075669227
"Microtus_tatricus",6.34442971416636
"Microtus_thomasi",11.0677317551213
"Miniopterus_schreibersii",12.4001428557773
"Mus_macedonicus",12.3822500421796
"Mus_musculus",7.70467426846902
"Mus_spicilegus",10.2134531289633
"Mus_spretus",14.4534728488706
"Muscardinus_avellanarius",8.04887051998719
"Mustela_erminea",6.76280979141172
"Mustela_eversmanii",8.08510454513559
"Mustela_lutreola",12.6136507295268
"Mustela_nivalis",7.41348234649403
"Mustela_putorius",9.17640924269293
"Myodes_glareolus",6.77295231477278
"Myodes_rufocanus",-0.809880041255581
"Myodes_rutilus",-1.50927714218376
"Myomimus_roachi",NA
"Myopus_schisticolor",0.69691143477822
"Myotis_bechsteinii",10.3028656738118
"Myotis_blythii",11.8210738240109
"Myotis_brandtii",7.15521243239671
"Myotis_capaccinii",12.6053021119121
"Myotis_dasycneme",7.36547348826805
"Myotis_daubentonii",8.46886688370408
"Myotis_emarginatus",10.4459914913341
"Myotis_myotis",10.2457046281482
"Myotis_mystacinus",8.69429665170702
"Myotis_nattereri",9.23421302045526
"Neomys_anomalus",9.89398111378239
"Neomys_fodiens",6.5045420612381
"Nyctalus_lasiopterus",12.3727795318496
"Nyctalus_leisleri",9.36214673191419
"Nyctalus_noctula",8.32973768402363
"Oryctolagus_cuniculus",12.9022300091958
"Pipistrellus_kuhlii",11.0551218195581
"Pipistrellus_nathusii",8.8579750386391
"Pipistrellus_pipistrellus",9.36214673191419
"Pipistrellus_pygmaeus",8.74758526123403
"Plecotus_auritus",8.27570790894825
"Plecotus_austriacus",10.3277752202906
"Plecotus_kolombatovici",12.1856744647895
"Rangifer_tarandus",0.0249353234314514
"Rhinolophus_blasii",11.259786982493
"Rhinolophus_euryale",12.8853664781085
"Rhinolophus_ferrumequinum",10.9349705190273
"Rhinolophus_hipposideros",10.1625704889058
"Rhinolophus_mehelyi",15.5834529295596
"Rupicapra_pyrenaica",NA
"Rupicapra_rupicapra",5.08923476651738
"Sciurus_vulgaris",7.2554320634948
"Sicista_betulina",4.98645798319945
"Sicista_severtzovi",6.99115746734138
"Sicista_strandi",6.77732462339626
"Sicista_subtilis",9.31602413487628
"Sorex_alpinus",6.00302447043314
"Sorex_antinorii",5.64376371394408
"Sorex_araneus",5.80809819308464
"Sorex_caecutiens",-0.536839430878291
"Sorex_coronatus",10.3028656738118
"Sorex_granarius",13.3950798791688
"Sorex_isodon",2.08168836166279
"Sorex_minutissimus",0.938738046090731
"Sorex_minutus",7.2554320634948
"Sorex_samniticus",13.2096130100481
"Spalax_graecus",NA
"Spalax_leucodon",10.842154704056
"Spalax_zemni",9.13331370509825
"Spermophilus_citellus",10.5022967216421
"Spermophilus_suslicus",9.08313009755892
"Suncus_etruscus",13.2246528223928
"Sus_scrofa",9.40163071696988
"Tadarida_teniotis",12.8673569495999
"Talpa_caeca",11.4085729975265
"Talpa_europaea",7.70467426846902
"Talpa_levantis",12.9342467818857
"Talpa_occidentalis",12.9525895935628
"Talpa_romana",13.8002967885814
"Talpa_stankovici",11.0677317551213
"Ursus_arctos",1.50530786090942
"Vespertilio_murinus",6.77732462339626
"Vormela_peregusna",11.259786982493
"Vulpes_vulpes",7.70467426846902
