"","temperature"
"Alces_alces",1.52956570817573
"Allactaga_major",8.27609207595155
"Vulpes_lagopus",-1.66350775913699
"Apodemus_agrarius",7.53593978192846
"Apodemus_alpicola",2.66890788581669
"Apodemus_epimelas",12.0776922679285
"Apodemus_flavicollis",7.60359635440351
"Apodemus_sylvaticus",9.04769899737812
"Apodemus_uralensis",7.51055344627218
"Arvicola_amphibius",5.87413319350261
"Arvicola_sapidus",12.4694567355437
"Arvicola_scherman",5.30740991708713
"Atelerix_algirus",15.1119781992106
"Barbastella_barbastellus",9.45871929921125
"Bison_bonasus",NA
"Canis_aureus",10.85594189946
"Canis_lupus",6.99938748227239
"Capra_ibex",1.4245092884766
"Capra_pyrenaica",11.4750124171634
"Capreolus_capreolus",6.80089476185522
"Castor_fiber",3.9147780562058
"Cervus_elaphus",7.3462551641703
"Chionomys_nivalis",5.43319468364053
"Cricetulus_migratorius",10.1776911628299
"Cricetus_cricetus",8.37769323770528
"Crocidura_leucodon",7.78707168012696
"Crocidura_russula",11.5335001933036
"Crocidura_sicula",15.3658316319705
"Crocidura_suaveolens",8.88016280573172
"Dama_dama",11.4770585109376
"Desmana_moschata",NA
"Dinaromys_bogdanovi",8.23891867049606
"Dryomys_nitedula",7.19190194693023
"Eliomys_quercinus",9.69392027590646
"Eptesicus_nilssonii",3.10744301192362
"Eptesicus_serotinus",9.53690152352023
"Erinaceus_europaeus",7.82217700289962
"Erinaceus_roumanicus",7.63716098476333
"Felis_silvestris",11.4259084178562
"Galemys_pyrenaicus",12.7782605522016
"Genetta_genetta",13.2595505962199
"Glis_glis",8.23371211793017
"Gulo_gulo",-0.396091118354127
"Hypsugo_savii",10.1243170065835
"Hystrix_cristata",14.1677910749735
"Lemmus_lemmus",-0.437741853053231
"Lepus_castroviejoi",NA
"Lepus_corsicanus",15.5973896196428
"Lepus_europaeus",7.72773113159588
"Lepus_granatensis",13.2752190745422
"Lepus_timidus",2.27970555586711
"Lutra_lutra",7.12459644259782
"Lynx_lynx",2.52949615333996
"Lynx_pardinus",NA
"Marmota_marmota",2.78766511376801
"Martes_foina",9.39979223950595
"Martes_martes",6.16128760201413
"Meles_meles",7.64278199812063
"Mesocricetus_newtoni",NA
"Micromys_minutus",7.57605369706492
"Microtus_agrestis",5.48987160403868
"Microtus_arvalis",7.66343787921016
"Microtus_bavaricus",NA
"Microtus_brachycercus",14.1334238440498
"Microtus_cabrerae",14.5286197573805
"Microtus_duodecimcostatus",12.8043596913138
"Microtus_felteni",10.6839102440007
"Microtus_gerbei",12.1535940419184
"Microtus_guentheri",12.5305491387728
"Microtus_levis",7.18193425749946
"Microtus_lusitanicus",13.1823547667915
"Microtus_multiplex",4.40450897952139
"Microtus_oeconomus",2.35133713406972
"Microtus_savii",13.4819843043946
"Microtus_subterraneus",6.90825412101737
"Microtus_tatricus",6.34442971416636
"Microtus_thomasi",11.9135160699294
"Miniopterus_schreibersii",11.7762345106284
"Mus_macedonicus",12.2490031707199
"Mus_musculus",7.0462276334329
"Mus_spicilegus",10.3281552444294
"Mus_spretus",14.238951610253
"Muscardinus_avellanarius",7.72448383645219
"Mustela_erminea",5.67800521630418
"Mustela_eversmanii",8.40288630897072
"Mustela_lutreola",11.549870436094
"Mustela_nivalis",6.95248965059751
"Mustela_putorius",9.0764831808317
"Myodes_glareolus",5.86624308786961
"Myodes_rufocanus",-0.834389065867748
"Myodes_rutilus",-1.06915984940356
"Myomimus_roachi",NA
"Myopus_schisticolor",0.786499791313236
"Myotis_bechsteinii",9.67509453041487
"Myotis_blythii",10.5803981558234
"Myotis_brandtii",6.64354540073065
"Myotis_capaccinii",11.8782493152089
"Myotis_dasycneme",7.55406965694684
"Myotis_daubentonii",8.05985145249023
"Myotis_emarginatus",9.71748952136173
"Myotis_myotis",9.70086744281676
"Myotis_mystacinus",8.30196975383633
"Myotis_nattereri",9.15632662968894
"Neomys_anomalus",9.46517315452055
"Neomys_fodiens",5.61675120663339
"Nyctalus_lasiopterus",11.2952555684541
"Nyctalus_leisleri",9.21535660336669
"Nyctalus_noctula",8.07925707525746
"Oryctolagus_cuniculus",13.068880307895
"Pipistrellus_kuhlii",9.93114286538195
"Pipistrellus_nathusii",8.55204064228728
"Pipistrellus_pipistrellus",9.26281302084076
"Pipistrellus_pygmaeus",8.63226461009256
"Plecotus_auritus",7.80613235866073
"Plecotus_austriacus",9.87691117338322
"Plecotus_kolombatovici",12.1856744647895
"Rangifer_tarandus",-0.337257247488888
"Rhinolophus_blasii",11.280053312984
"Rhinolophus_euryale",12.8182929772106
"Rhinolophus_ferrumequinum",9.98383928117857
"Rhinolophus_hipposideros",9.76571572838168
"Rhinolophus_mehelyi",14.7549436846428
"Rupicapra_pyrenaica",NA
"Rupicapra_rupicapra",4.36937659878762
"Sciurus_vulgaris",6.43372845677421
"Sicista_betulina",4.86149345141551
"Sicista_severtzovi",7.18881256797164
"Sicista_strandi",6.77732462339626
"Sicista_subtilis",9.35184068500513
"Sorex_alpinus",4.67045216427689
"Sorex_antinorii",6.35373015046773
"Sorex_araneus",4.64226719029853
"Sorex_caecutiens",0.503406842702257
"Sorex_coronatus",10.0390530159641
"Sorex_granarius",13.5266214532671
"Sorex_isodon",2.19517892690346
"Sorex_minutissimus",1.11358338572843
"Sorex_minutus",6.35336386442896
"Sorex_samniticus",13.7726023681725
"Spalax_graecus",NA
"Spalax_leucodon",10.9461008533035
"Spalax_zemni",8.69941263675653
"Spermophilus_citellus",10.5367471216248
"Spermophilus_suslicus",8.40827771066608
"Suncus_etruscus",13.6603244285489
"Sus_scrofa",9.15643924743553
"Tadarida_teniotis",11.7655170391078
"Talpa_caeca",9.23122421320426
"Talpa_europaea",7.50674623574186
"Talpa_levantis",12.9342467818857
"Talpa_occidentalis",12.9240577174243
"Talpa_romana",14.1334238440498
"Talpa_stankovici",11.0677317551213
"Ursus_arctos",2.49797093288021
"Vespertilio_murinus",5.93168958181415
"Vormela_peregusna",11.1991706597578
"Vulpes_vulpes",7.0462276334329
