"","preciperature"
"Alces_alces",626.93322032321
"Allactaga_major",538.293918094354
"Vulpes_lagopus",567.391810602334
"Apodemus_agrarius",621.572746196485
"Apodemus_alpicola",1383.91812067665
"Apodemus_epimelas",602.723649455481
"Apodemus_flavicollis",791.826330060511
"Apodemus_sylvaticus",856.624199214766
"Apodemus_uralensis",617.647788186254
"Arvicola_amphibius",750.519929890134
"Arvicola_sapidus",773.750383252207
"Arvicola_scherman",1190.7723361586
"Atelerix_algirus",377.877392276479
"Barbastella_barbastellus",797.103171149965
"Bison_bonasus",NA
"Canis_aureus",741.609290503491
"Canis_lupus",636.618885842535
"Capra_ibex",1498.36596684341
"Capra_pyrenaica",571.015873501608
"Capreolus_capreolus",794.567358629947
"Castor_fiber",646.985414637104
"Cervus_elaphus",856.624199214766
"Chionomys_nivalis",1227.18460728196
"Cricetulus_migratorius",511.162763779433
"Cricetus_cricetus",613.761156308712
"Crocidura_leucodon",829.814577528835
"Crocidura_russula",774.399143195809
"Crocidura_sicula",526.897708245095
"Crocidura_suaveolens",891.970103567844
"Dama_dama",830.977315631777
"Desmana_moschata",NA
"Dinaromys_bogdanovi",1076.88601436781
"Dryomys_nitedula",894.637429507319
"Eliomys_quercinus",781.884482066193
"Eptesicus_nilssonii",734.84388161748
"Eptesicus_serotinus",758.638114694867
"Erinaceus_europaeus",917.248988237774
"Erinaceus_roumanicus",658.302076081334
"Felis_silvestris",654.791031972628
"Galemys_pyrenaicus",1164.66445429258
"Genetta_genetta",714.641289725242
"Glis_glis",856.624199214766
"Gulo_gulo",623.782636617195
"Hypsugo_savii",830.977315631777
"Hystrix_cristata",593.374401389178
"Lemmus_lemmus",712.690700360391
"Lepus_castroviejoi",NA
"Lepus_corsicanus",536.96812314098
"Lepus_europaeus",794.282839184444
"Lepus_granatensis",574.769021716536
"Lepus_timidus",1190.7723361586
"Lutra_lutra",766.015166268966
"Lynx_lynx",707.676391768083
"Lynx_pardinus",NA
"Marmota_marmota",1367.17398009291
"Martes_foina",756.002548531638
"Martes_martes",809.29963313476
"Meles_meles",794.282839184444
"Mesocricetus_newtoni",NA
"Micromys_minutus",756.679184870866
"Microtus_agrestis",809.29963313476
"Microtus_arvalis",773.594805923388
"Microtus_bavaricus",NA
"Microtus_brachycercus",591.676844154909
"Microtus_cabrerae",644.424681248419
"Microtus_duodecimcostatus",565.240697938514
"Microtus_felteni",586.37783875688
"Microtus_gerbei",856.624199214766
"Microtus_guentheri",536.836439503046
"Microtus_levis",608.284767416408
"Microtus_lusitanicus",1065.51656514206
"Microtus_multiplex",993.457391434965
"Microtus_oeconomus",584.854760540173
"Microtus_savii",659.54505494802
"Microtus_subterraneus",847.782642160199
"Microtus_tatricus",841.424384739024
"Microtus_thomasi",856.783946794058
"Miniopterus_schreibersii",655.367862466579
"Mus_macedonicus",579.313234392032
"Mus_musculus",757.96147835564
"Mus_spicilegus",511.162763779433
"Mus_spretus",561.556306824729
"Muscardinus_avellanarius",817.65090512327
"Mustela_erminea",816.889636054953
"Mustela_eversmanii",606.366101656329
"Mustela_lutreola",931.73535512625
"Mustela_nivalis",739.780318520688
"Mustela_putorius",736.805399093304
"Myodes_glareolus",816.889636054953
"Myodes_rufocanus",574.013863130571
"Myodes_rutilus",549.940090323219
"Myomimus_roachi",NA
"Myopus_schisticolor",598.093059589644
"Myotis_bechsteinii",821.893812902048
"Myotis_blythii",705.146130092076
"Myotis_brandtii",789.369820936578
"Myotis_capaccinii",587.764670488503
"Myotis_dasycneme",621.169814589697
"Myotis_daubentonii",855.38254939807
"Myotis_emarginatus",819.310106218293
"Myotis_myotis",791.826330060511
"Myotis_mystacinus",854.140899581374
"Myotis_nattereri",794.85187807545
"Neomys_anomalus",789.369820936578
"Neomys_fodiens",789.369820936578
"Nyctalus_lasiopterus",774.399143195809
"Nyctalus_leisleri",829.814577528835
"Nyctalus_noctula",795.977524612707
"Oryctolagus_cuniculus",718.740997039695
"Pipistrellus_kuhlii",760.047579035316
"Pipistrellus_nathusii",773.348214615997
"Pipistrellus_pipistrellus",805.298338977782
"Pipistrellus_pygmaeus",887.74506330958
"Plecotus_auritus",895.282329180157
"Plecotus_austriacus",789.369820936578
"Plecotus_kolombatovici",760.780407036538
"Rangifer_tarandus",865.382760535399
"Rhinolophus_blasii",654.214201478677
"Rhinolophus_euryale",718.740997039695
"Rhinolophus_ferrumequinum",841.424384739024
"Rhinolophus_hipposideros",856.624199214766
"Rhinolophus_mehelyi",626.911414935304
"Rupicapra_pyrenaica",NA
"Rupicapra_rupicapra",1288.1485972876
"Sciurus_vulgaris",794.567358629947
"Sicista_betulina",663.482933509362
"Sicista_severtzovi",609.87452443117
"Sicista_strandi",609.87452443117
"Sicista_subtilis",485.231418127566
"Sorex_alpinus",1240.0831531583
"Sorex_antinorii",994.24483703967
"Sorex_araneus",734.3371806417
"Sorex_caecutiens",584.854760540173
"Sorex_coronatus",855.38254939807
"Sorex_granarius",1330.1422676631
"Sorex_isodon",613.992158065414
"Sorex_minutissimus",592.783473602901
"Sorex_minutus",805.298338977782
"Sorex_samniticus",649.780679637376
"Spalax_graecus",NA
"Spalax_leucodon",567.540411168583
"Spalax_zemni",503.743429837073
"Spermophilus_citellus",569.474966563937
"Spermophilus_suslicus",503.932462767703
"Suncus_etruscus",626.911414935304
"Sus_scrofa",744.561455224746
"Tadarida_teniotis",695.101861875958
"Talpa_caeca",972.157224812345
"Talpa_europaea",797.103171149965
"Talpa_levantis",579.313234392032
"Talpa_occidentalis",808.428341925832
"Talpa_romana",591.676844154909
"Talpa_stankovici",893.922934211727
"Ursus_arctos",657.12643862319
"Vespertilio_murinus",883.520023051315
"Vormela_peregusna",589.151502220126
"Vulpes_vulpes",757.96147835564
