"","temperature"
"Ablepharus_kitaibelii",11.2053521028172
"Acanthodactylus_erythrurus",14.2375469636321
"Algyroides_marchi",NA
"Algyroides_moreoticus",14.6933409682184
"Algyroides_nigropunctatus",12.623126789057
"Anguis_cephallonica",14.6933409682184
"Anguis_fragilis",7.96572984066817
"Blanus_cinereus",14.7649351167108
"Chalcides_bedriagai",14.4604965896917
"Chalcides_chalcides",13.2711634713616
"Chalcides_ocellatus",12.6269329295585
"Chalcides_striatus",13.6639480915981
"Chamaeleo_chamaeleon",16.5620503888433
"Coronella_austriaca",8.81316605962595
"Coronella_girondica",13.0376447221621
"Cyrtopodion_kotschyi",13.6059546783399
"Darevskia_praticola",10.9867975600806
"Platyceps_collaris",12.7434477119427
"Eirenis_modestus",NA
"Zamenis_lineatus",12.1169311521147
"Zamenis_longissimus",8.63353580638196
"Elaphe_quatuorlineata",12.9071282287101
"Rhinechis_scalaris",14.3666443317986
"Zamenis_situla",14.2867223337058
"Emys_orbicularis",10.2443736143873
"Eremias_arguta",9.66528620248624
"Eryx_jaculus",13.6059546783399
"Euleptes_europaea",12.9001960294026
"Hellenolacerta_graeca",14.6933409682184
"Hemidactylus_turcicus",14.1197689037507
"Hemorrhois_hippocrepis",14.9175398564979
"Hierophis_gemonensis",13.7428500925628
"Hierophis_viridiflavus",10.2788415302978
"Iberolacerta_aranica",NA
"Iberolacerta_aurelioi",NA
"Iberolacerta_bonnali",NA
"Iberolacerta_cyreni",11.4365095702694
"Iberolacerta_galani",NA
"Iberolacerta_horvathi",7.88860028175935
"Iberolacerta_martinezricai",11.360468330503
"Iberolacerta_monticola",NA
"Lacerta_agilis",7.17702001138789
"Lacerta_bilineata",10.2948377242341
"Timon_lepidus",13.7473959352978
"Dinarolacerta_mosorensis",14.5785719564155
"Dinarolacerta_montenegrina",NA
"Dalmatolacerta_oxycephala",14.5785719564155
"Lacerta_schreiberi",12.3380803426951
"Lacerta_trilineata",14.1197689037507
"Lacerta_viridis",10.0111093227695
"Zootoca_vivipara",6.17791388195768
"Laudakia_stellio",12.1102210877286
"Macroprotodon_brevis",14.9175398564979
"Malpolon_monspessulanus",13.7473959352978
"Mauremys_leprosa",14.6072703024194
"Mauremys_rivulata",13.8859460016664
"Montivipera_xanthina",14.2867223337058
"Natrix_maura",12.6309312423199
"Natrix_natrix",9.32530560140164
"Natrix_tessellata",9.40026512408474
"Ophiomorus_punctatissimus",15.2996613057387
"Ophisops_elegans",13.5597862570977
"Platyceps_najadum",13.6059546783399
"Podarcis_bocagei",14.3666443317986
"Podarcis_carbonelli",11.360468330503
"Podarcis_erhardii",14.2867223337058
"Podarcis_hispanica",13.9512498335827
"Podarcis_melisellensis",7.97300656395092
"Podarcis_muralis",9.49789414943317
"Podarcis_peloponnesiaca",14.6933409682184
"Podarcis_sicula",13.1220419103413
"Podarcis_taurica",11.4533253518862
"Podarcis_vaucheri",15.1190354170864
"Podarcis_wagleriana",12.6269329295585
"Psammodromus_algirus",14.3666443317986
"Psammodromus_hispanicus",14.1084495954657
"Pseudopus_apodus",12.9071282287101
"Tarentola_mauritanica",13.5291172684085
"Telescopus_fallax",14.4292031121688
"Testudo_graeca",13.1516169845202
"Testudo_hermanni",12.6250298593077
"Emys_trinacris",12.6269329295585
"Testudo_marginata",14.6804811082167
"Typhlops_vermicularis",14.1197689037507
"Vipera_ammodytes",9.4311638496558
"Vipera_aspis",10.0734047590451
"Vipera_berus",5.84405342076784
"Vipera_latastei",14.3666443317986
"Vipera_seoanei",11.2207340644805
"Vipera_ursinii",8.15057759079958
"Dolichophis_caspius",11.1824846435238
"Chamaeleo_africanus",16.4795537077267
"Elaphe_sauromates",11.4533253518862
"Vipera_renardi",NA
