"","preciperature"
"Ablepharus_kitaibelii",616.082641275091
"Acanthodactylus_erythrurus",627.099755588068
"Algyroides_marchi",NA
"Algyroides_moreoticus",689.026648177635
"Algyroides_nigropunctatus",1439.06560178416
"Anguis_cephallonica",689.026648177635
"Anguis_fragilis",878.075366510097
"Blanus_cinereus",628.27520998568
"Chalcides_bedriagai",626.497220333924
"Chalcides_chalcides",630.850536469319
"Chalcides_ocellatus",595.510381501802
"Chalcides_striatus",659.390810448653
"Chamaeleo_chamaeleon",425.153426679422
"Coronella_austriaca",856.358017238883
"Coronella_girondica",688.041828821873
"Cyrtopodion_kotschyi",611.453110004788
"Darevskia_praticola",641.462827053763
"Platyceps_collaris",614.453313181959
"Eirenis_modestus",NA
"Zamenis_lineatus",587.994335611285
"Zamenis_longissimus",896.28156262092
"Elaphe_quatuorlineata",778.910537579686
"Rhinechis_scalaris",630.053199637436
"Zamenis_situla",599.142758775583
"Emys_orbicularis",766.089664282943
"Eremias_arguta",538.153401716853
"Eryx_jaculus",608.427364071902
"Euleptes_europaea",808.360117267954
"Hellenolacerta_graeca",689.026648177635
"Hemidactylus_turcicus",618.479113380835
"Hemorrhois_hippocrepis",627.702290842213
"Hierophis_gemonensis",935.081790456428
"Hierophis_viridiflavus",842.692682998767
"Iberolacerta_aranica",NA
"Iberolacerta_aurelioi",NA
"Iberolacerta_bonnali",NA
"Iberolacerta_cyreni",681.265890990141
"Iberolacerta_galani",NA
"Iberolacerta_horvathi",1470.89246998288
"Iberolacerta_martinezricai",1026.83555921192
"Iberolacerta_monticola",NA
"Lacerta_agilis",956.074616047932
"Lacerta_bilineata",870.023351479
"Timon_lepidus",654.907564987057
"Dinarolacerta_mosorensis",1091.25304333317
"Dinarolacerta_montenegrina",NA
"Dalmatolacerta_oxycephala",1091.25304333317
"Lacerta_schreiberi",732.478582342846
"Lacerta_trilineata",614.453313181959
"Lacerta_viridis",658.453552428748
"Zootoca_vivipara",929.02226768169
"Laudakia_stellio",501.704448798152
"Macroprotodon_brevis",626.497220333924
"Malpolon_monspessulanus",647.398448731003
"Mauremys_leprosa",628.877745239825
"Mauremys_rivulata",606.798035978771
"Montivipera_xanthina",553.511524778501
"Natrix_maura",728.20839407201
"Natrix_natrix",769.214698254502
"Natrix_tessellata",856.358017238883
"Ophiomorus_punctatissimus",560.791270174694
"Ophisops_elegans",617.711969368222
"Platyceps_najadum",639.976058945873
"Podarcis_bocagei",1334.94974579944
"Podarcis_carbonelli",1026.83555921192
"Podarcis_erhardii",553.511524778501
"Podarcis_hispanica",636.138881889522
"Podarcis_melisellensis",1614.67425445525
"Podarcis_muralis",927.724794963408
"Podarcis_peloponnesiaca",689.026648177635
"Podarcis_sicula",727.667792388601
"Podarcis_taurica",599.142758775583
"Podarcis_vaucheri",653.394629589828
"Podarcis_wagleriana",595.510381501802
"Psammodromus_algirus",627.702290842213
"Psammodromus_hispanicus",626.497220333924
"Pseudopus_apodus",646.329870163544
"Tarentola_mauritanica",659.390810448653
"Telescopus_fallax",622.736314469563
"Testudo_graeca",611.453110004788
"Testudo_hermanni",631.089841727011
"Emys_trinacris",595.510381501802
"Testudo_marginata",560.791270174694
"Typhlops_vermicularis",599.142758775583
"Vipera_ammodytes",1079.4885813531
"Vipera_aspis",870.141063230752
"Vipera_berus",984.315760232099
"Vipera_latastei",642.224564141607
"Vipera_seoanei",880.829214770959
"Vipera_ursinii",999.60669251444
"Dolichophis_caspius",617.711969368222
"Chamaeleo_africanus",599.142758775583
"Elaphe_sauromates",608.452906827618
"Vipera_renardi",NA
