"","temperature"
"Ablepharus_kitaibelii",11.6320745395744
"Acanthodactylus_erythrurus",13.6360621828848
"Algyroides_marchi",NA
"Algyroides_moreoticus",14.6933409682184
"Algyroides_nigropunctatus",11.7840921120907
"Anguis_cephallonica",14.6933409682184
"Anguis_fragilis",7.86018325266506
"Blanus_cinereus",14.1782051661643
"Chalcides_bedriagai",13.8727561336839
"Chalcides_chalcides",12.6232537252469
"Chalcides_ocellatus",12.6269329295585
"Chalcides_striatus",12.9502349579842
"Chamaeleo_chamaeleon",16.5620503888433
"Coronella_austriaca",8.2616219026615
"Coronella_girondica",11.413668432624
"Cyrtopodion_kotschyi",12.7870378553137
"Darevskia_praticola",11.2138033758737
"Platyceps_collaris",12.7434477119427
"Eirenis_modestus",NA
"Zamenis_lineatus",12.4251836601108
"Zamenis_longissimus",7.84310945054484
"Elaphe_quatuorlineata",12.4746026617385
"Rhinechis_scalaris",13.6539413487583
"Zamenis_situla",13.8931406272994
"Emys_orbicularis",9.4371092210466
"Eremias_arguta",9.66528620248624
"Eryx_jaculus",12.3521893621096
"Euleptes_europaea",12.9001960294026
"Hellenolacerta_graeca",14.6933409682184
"Hemidactylus_turcicus",13.6849007755292
"Hemorrhois_hippocrepis",14.3288837177355
"Hierophis_gemonensis",13.028957870913
"Hierophis_viridiflavus",8.55241537407409
"Iberolacerta_aranica",NA
"Iberolacerta_aurelioi",NA
"Iberolacerta_bonnali",NA
"Iberolacerta_cyreni",11.4365095702694
"Iberolacerta_galani",NA
"Iberolacerta_horvathi",6.75810241507401
"Iberolacerta_martinezricai",11.360468330503
"Iberolacerta_monticola",NA
"Lacerta_agilis",6.48402013481736
"Lacerta_bilineata",8.55641274989676
"Timon_lepidus",12.9903073329574
"Dinarolacerta_mosorensis",14.5785719564155
"Dinarolacerta_montenegrina",NA
"Dalmatolacerta_oxycephala",14.5785719564155
"Lacerta_schreiberi",12.6049891685923
"Lacerta_trilineata",13.4912978229507
"Lacerta_viridis",9.80827851349422
"Zootoca_vivipara",5.18192717243998
"Laudakia_stellio",11.1426446529847
"Macroprotodon_brevis",14.1018653786267
"Malpolon_monspessulanus",13.047872961046
"Mauremys_leprosa",14.037790741557
"Mauremys_rivulata",13.4006916451619
"Montivipera_xanthina",14.2867223337058
"Natrix_maura",11.9429443451662
"Natrix_natrix",8.72574588508605
"Natrix_tessellata",7.76828445952729
"Ophiomorus_punctatissimus",15.2996613057387
"Ophisops_elegans",12.6990200195485
"Platyceps_najadum",12.2589461370382
"Podarcis_bocagei",14.3666443317986
"Podarcis_carbonelli",11.360468330503
"Podarcis_erhardii",12.5069648200039
"Podarcis_hispanica",13.2659880009002
"Podarcis_melisellensis",8.48673583486131
"Podarcis_muralis",8.08171929191503
"Podarcis_peloponnesiaca",14.6933409682184
"Podarcis_sicula",12.4659697969241
"Podarcis_taurica",11.8888802601814
"Podarcis_vaucheri",14.0785578379852
"Podarcis_wagleriana",12.6269329295585
"Psammodromus_algirus",13.6561718362629
"Psammodromus_hispanicus",13.5565941724914
"Pseudopus_apodus",11.7545636175733
"Tarentola_mauritanica",12.7531934286181
"Telescopus_fallax",13.415092837088
"Testudo_graeca",12.2649051850069
"Testudo_hermanni",12.0168952261594
"Emys_trinacris",12.6269329295585
"Testudo_marginata",14.6470059657575
"Typhlops_vermicularis",14.1724923673601
"Vipera_ammodytes",8.58550513342142
"Vipera_aspis",7.88525538415477
"Vipera_berus",4.94500071523812
"Vipera_latastei",13.5006976437849
"Vipera_seoanei",10.8659208771689
"Vipera_ursinii",8.59958185412796
"Dolichophis_caspius",11.5527270258043
"Chamaeleo_africanus",16.4795537077267
"Elaphe_sauromates",11.4626489126572
"Vipera_renardi",NA
