,precipitation
Alytes_cisternasii,502.0787744
Alytes_dickhilleni,562.3879673
Alytes_obstetricans,777.8919365
Bombina_bombina,593.9469051
Bombina_pachypus,764.6558369
Bombina_variegata,994.0870574
Bufo_bufo,757.9953799
Bufo_calamita,702.5094494
Bufo_viridis,645.3968558
Chioglossa_lusitanica,1259.889534
Discoglossus_galganoi,777.8286223
Discoglossus_jeanneae,493.9392452
Discoglossus_pictus,627.8801192
Calotriton_asper,975.6287548
Hyla_arborea,732.5220154
Hyla_intermedia,786.648975
Hyla_meridionalis,697.3336624
Pelobates_cultripes,497.2117022
Pelobates_fuscus,613.0723132
Pelobates_syriacus,576.3845153
Pelodytes_ibericus,536.6131905
Pelodytes_punctatus,677.4829056
Pleurodeles_waltl,503.0701441
Proteus_anguinus,1432.308065
Rana_arvalis,614.9809348
Rana_bergeri,764.6558369
Rana_dalmatina,846.9618875
Rana_epeirotica,NA
Rana_graeca,705.0634524
Rana_iberica,921.5014832
Rana_italica,811.5309002
Rana_kurtmuelleri,701.4582989
Rana_latastei,1369.955598
Rana_lessonae,707.6852364
Rana_perezi,548.9100309
Rana_pyrenaica,1047.500356
Rana_ridibunda,670.8487642
Rana_shqiperica,NA
Rana_temporaria,936.2286354
Salamandra_atra,1354.211152
Salamandra_lanzai,NA
Salamandra_salamandra,926.6241653
Salamandrina_perspicillata,811.5309002
Salamandrina_terdigitata,NA
Mesotriton_alpestris,1021.178864
Lissotriton_boscai,874.1334027
Triturus_carnifex,1164.107146
Triturus_cristatus,821.8195802
Triturus_dobrogicus,576.6927167
Lissotriton_helveticus,937.2576521
Lissotriton_italicus,487.1457825
Triturus_karelinii,599.61261
Triturus_marmoratus,917.6989171
Lissotriton_montandoni,894.6047806
Triturus_pygmaeus,553.9813263
Lissotriton_vulgaris,847.2459311
Calotriton_arnoldi,NA
Bufo_siculus,627.8801192
Triturus_macedonicus,749.5948248
Ablepharus_kitaibelii,616.0826413
Acanthodactylus_erythrurus,627.0997556
Algyroides_marchi,NA
Algyroides_moreoticus,689.0266482
Algyroides_nigropunctatus,1439.065602
Anguis_cephallonica,689.0266482
Anguis_fragilis,878.0753665
Blanus_cinereus,628.27521
Chalcides_bedriagai,626.4972203
Chalcides_chalcides,630.8505365
Chalcides_ocellatus,595.5103815
Chalcides_striatus,659.3908104
Chamaeleo_chamaeleon,425.1534267
Coronella_austriaca,856.3580172
Coronella_girondica,688.0418288
Cyrtopodion_kotschyi,611.45311
Darevskia_praticola,641.4628271
Platyceps_collaris,614.4533132
Eirenis_modestus,NA
Zamenis_lineatus,587.9943356
Zamenis_longissimus,896.2815626
Elaphe_quatuorlineata,778.9105376
Rhinechis_scalaris,630.0531996
Zamenis_situla,599.1427588
Emys_orbicularis,766.0896643
Eremias_arguta,538.1534017
Eryx_jaculus,608.4273641
Euleptes_europaea,808.3601173
Hellenolacerta_graeca,689.0266482
Hemidactylus_turcicus,618.4791134
Hemorrhois_hippocrepis,627.7022908
Hierophis_gemonensis,935.0817905
Hierophis_viridiflavus,842.692683
Iberolacerta_aranica,NA
Iberolacerta_aurelioi,NA
Iberolacerta_bonnali,NA
Iberolacerta_cyreni,681.265891
Iberolacerta_galani,NA
Iberolacerta_horvathi,1470.89247
Iberolacerta_martinezricai,1026.835559
Iberolacerta_monticola,NA
Lacerta_agilis,956.074616
Lacerta_bilineata,870.0233515
Timon_lepidus,654.907565
Dinarolacerta_mosorensis,1091.253043
Dinarolacerta_montenegrina,NA
Dalmatolacerta_oxycephala,1091.253043
Lacerta_schreiberi,732.4785823
Lacerta_trilineata,614.4533132
Lacerta_viridis,658.4535524
Zootoca_vivipara,929.0222677
Laudakia_stellio,501.7044488
Macroprotodon_brevis,626.4972203
Malpolon_monspessulanus,647.3984487
Mauremys_leprosa,628.8777452
Mauremys_rivulata,606.798036
Montivipera_xanthina,553.5115248
Natrix_maura,728.2083941
Natrix_natrix,769.2146983
Natrix_tessellata,856.3580172
Ophiomorus_punctatissimus,560.7912702
Ophisops_elegans,617.7119694
Platyceps_najadum,639.9760589
Podarcis_bocagei,1334.949746
Podarcis_carbonelli,1026.835559
Podarcis_erhardii,553.5115248
Podarcis_hispanica,636.1388819
Podarcis_melisellensis,1614.674254
Podarcis_muralis,927.724795
Podarcis_peloponnesiaca,689.0266482
Podarcis_sicula,727.6677924
Podarcis_taurica,599.1427588
Podarcis_vaucheri,653.3946296
Podarcis_wagleriana,595.5103815
Psammodromus_algirus,627.7022908
Psammodromus_hispanicus,626.4972203
Pseudopus_apodus,646.3298702
Tarentola_mauritanica,659.3908104
Telescopus_fallax,622.7363145
Testudo_graeca,611.45311
Testudo_hermanni,631.0898417
Emys_trinacris,595.5103815
Testudo_marginata,560.7912702
Typhlops_vermicularis,599.1427588
Vipera_ammodytes,1079.488581
Vipera_aspis,870.1410632
Vipera_berus,984.3157602
Vipera_latastei,642.2245641
Vipera_seoanei,880.8292148
Vipera_ursinii,999.6066925
Dolichophis_caspius,617.7119694
Chamaeleo_africanus,599.1427588
Elaphe_sauromates,608.4529068
Vipera_renardi,NA
Gavia_stellata,701.0141963
Gavia_arctica,685.7504981
Tachybaptus_ruficollis,771.0451721
Podiceps_cristatus,639.3108922
Podiceps_grisegena,595.8431489
Podiceps_auritus,625.5594124
Podiceps_nigricollis,618.8197327
Fulmarus_glacialis,1517.409387
Hydrobates_pelagicus,1225.115881
Oceanodroma_leucorhoa,NA
Morus_bassanus,3122.951733
Phalacrocorax_carbo,795.4279886
Pelecanus_crispus,NA
Ardea_cinerea,799.4621835
Ardea_purpurea,644.5235393
Casmerodius_albus,540.9471399
Egretta_garzetta,641.8159195
Ardeola_ralloides,553.8430574
Bubulcus_ibis,617.8108141
Nycticorax_nycticorax,641.8159195
Ixobrychus_minutus,635.8452389
Botaurus_stellaris,617.1688824
Ciconia_nigra,617.1688824
Ciconia_ciconia,631.1396311
Plegadis_falcinellus,501.0957701
Platalea_leucorodia,542.7730428
Cygnus_olor,868.5262287
Cygnus_cygnus,568.254099
Anser_fabalis,566.7999743
Anser_erythropus,706.6545542
Anser_anser,736.7406969
Branta_leucopsis,NA
Tadorna_ferruginea,732.6497809
Tadorna_tadorna,1101.302578
Mareca_penelope,701.0141963
Mareca_strepera,628.9904568
Anas_crecca,750.5199299
Anas_platyrhynchos,738.9707747
Anas_acuta,614.9830111
Anas_querquedula,648.7390844
Anas_clypeata,640.9702486
Marmaronetta_angustirostris,659.3908104
Netta_rufina,659.3908104
Aythya_ferina,645.9537853
Aythya_nyroca,536.2474134
Aythya_fuligula,737.8496988
Aythya_marila,685.7504981
Somateria_mollissima,1465.434938
Somateria_spectabilis,NA
Clangula_hyemalis,683.1509293
Melanitta_nigra,715.0043704
Melanitta_fusca,649.9467361
Bucephala_clangula,652.0233546
Mergellus_albellus,568.254099
Mergus_serrator,768.6959784
Mergus_merganser,698.304738
Oxyura_leucocephala,468.6381875
Pandion_haliaetus,640.9702486
Pernis_apivorus,729.2605753
Elanus_caeruleus,575.8252625
Milvus_milvus,634.0143426
Milvus_migrans,651.5243834
Haliaeetus_albicilla,628.7828886
Gypaetus_barbatus,999.5300114
Neophron_percnopterus,634.862023
Gyps_fulvus,714.4188767
Aegypius_monachus,581.9852162
Circaetus_gallicus,676.6218702
Circus_aeruginosus,623.7430735
Circus_cyaneus,684.1808428
Circus_macrourus,600.467327
Circus_pygargus,644.5235393
Accipiter_brevipes,568.1095315
Accipiter_nisus,783.3369764
Accipiter_gentilis,737.186216
Buteo_buteo,734.9682123
Buteo_rufinus,573.3172812
Buteo_lagopus,697.8983685
Aquila_pomarina,616.6573059
Aquila_clanga,624.0221587
Aquila_chrysaetos,896.1818622
Hieraaetus_fasciatus,617.8108141
Hieraaetus_pennatus,612.2855634
Falco_naumanni,557.3564139
Falco_tinnunculus,746.9934295
Falco_vespertinus,607.2593863
Falco_eleonorae,NA
Falco_columbarius,789.727445
Falco_subbuteo,675.0513131
Falco_biarmicus,732.106209
Falco_cherrug,536.2474134
Falco_rusticolus,946.5736702
Falco_peregrinus,906.8172987
Lagopus_lagopus,791.2914165
Lagopus_mutus,1198.339544
Tetrao_urogallus,850.6008712
Tetrao_tetrix,828.473547
Bonasa_bonasia,736.0772142
Alectoris_graeca,1335.795806
Alectoris_chukar,1323.105959
Alectoris_barbara,NA
Alectoris_rufa,748.6619862
Perdix_perdix,733.7477028
Coturnix_coturnix,732.9269559
Phasianus_colchicus,792.993258
Anthropoides_virgo,NA
Grus_grus,632.3048585
Rallus_aquaticus,733.8599002
Crex_crex,738.5131816
Porzana_parva,612.3400159
Porzana_pusilla,616.6573059
Porzana_porzana,640.994848
Porphyrio_porphyrio,490.8207167
Gallinula_chloropus,738.9707747
Fulica_atra,720.7788435
Otis_tarda,536.985429
Tetrax_tetrax,603.133959
Haematopus_ostralegus,1112.252546
Himantopus_himantopus,577.2038075
Recurvirostra_avosetta,599.782256
Burhinus_oedicnemus,611.3163154
Glareola_pratincola,542.641121
Glareola_nordmanni,512.4589722
Vanellus_vanellus,715.0043704
Pluvialis_apricaria,786.8720268
Charadrius_hiaticula,783.3369764
Charadrius_dubius,671.8563137
Charadrius_alexandrinus,829.5195537
Charadrius_morinellus,1037.298631
Scolopax_rusticola,799.4621835
Lymnocryptes_minimus,569.0426253
Gallinago_media,675.0513131
Gallinago_gallinago,741.2117306
Limosa_limosa,617.6804588
Limosa_lapponica,522.9841341
Numenius_phaeopus,667.2496879
Numenius_arquata,741.2117306
Tringa_erythropus,563.6996877
Tringa_totanus,697.0504307
Tringa_stagnatilis,565.270751
Tringa_nebularia,665.9741592
Tringa_ochropus,643.5484718
Tringa_glareola,650.7355597
Xenus_cinereus,625.5594124
Actitis_hypoleucos,743.9102796
Arenaria_interpres,1748.65769
Calidris_minuta,511.4806888
Calidris_temminckii,701.0141963
Calidris_alpina,1088.150633
Calidris_maritima,1037.298631
Limicola_falcinellus,607.9197376
Philomachus_pugnax,647.9502607
Phalaropus_lobatus,620.2956323
Stercorarius_skua,2103.347024
Stercorarius_parasiticus,1307.260891
Stercorarius_longicaudus,692.0276181
Larus_canus,698.1015533
Larus_marinus,1488.630995
Larus_hyperboreus,NA
Larus_argentatus,1517.409387
Larus_graellsii,911.1086275
Larus_ridibundus,699.6594672
Larus_genei,593.8121862
Larus_melanocephalus,659.8653649
Larus_minutus,617.6804588
Rissa_tridactyla,2019.330116
Gelochelidon_nilotica,557.3564139
Sterna_caspia,524.291995
Sterna_sandvicensis,942.0971228
Sterna_dougallii,NA
Sterna_hirundo,678.9366579
Sterna_paradisaea,712.0229856
Sterna_albifrons,634.0143426
Chlidonias_hybridus,545.8232303
Chlidonias_leucopterus,607.6410561
Chlidonias_niger,606.1754456
Uria_aalge,1465.434938
Alca_torda,NA
Cepphus_grylle,1609.591411
Fratercula_arctica,NA
Pterocles_alchata,468.6381875
Pterocles_orientalis,503.5034178
Columba_livia,773.3625345
Columba_oenas,743.2108986
Columba_palumbus,782.929869
Streptopelia_turtur,709.7882788
Streptopelia_decaocto,800.2115458
Clamator_glandarius,604.6712164
Cuculus_canorus,745.4518546
Cuculus_saturatus,NA
Tyto_alba,800.2115458
Otus_scops,679.6808884
Bubo_bubo,715.0043704
Strix_aluco,773.3625345
Strix_uralensis,650.7355597
Strix_nebulosa,594.1761145
Surnia_ulula,645.3240014
Glaucidium_passerinum,791.2914165
Athene_noctua,706.6647533
Aegolius_funereus,1122.494035
Asio_otus,757.5506072
Asio_flammeus,664.6986305
Caprimulgus_ruficollis,543.3450636
Caprimulgus_europaeus,732.106209
Apus_melba,858.2555352
Apus_apus,738.9707747
Apus_pallidus,644.5235393
Apus_caffer,591.5316187
Alcedo_atthis,734.4140563
Merops_apiaster,616.6573059
Coracias_garrulus,608.0227259
Upupa_epops,704.2508221
Jynx_torquilla,709.7882788
Dendrocopos_minor,706.6647533
Dendrocopos_medius,764.1253909
Dendrocopos_major,745.4518546
Picoides_tridactylus,697.8983685
Dryocopus_martius,733.7477028
Picus_viridis,743.2108986
Picus_canus,782.929869
Melanocorypha_calandra,573.3172812
Calandrella_brachydactyla,641.8159195
Calandrella_rufescens,517.4076405
Chersophilus_duponti,440.987313
Galerida_cristata,644.5235393
Lullula_arborea,709.7882788
Alauda_arvensis,753.8627698
Eremophila_alpestris,709.0416009
Riparia_riparia,699.4562824
Ptyonoprogne_rupestris,923.7485744
Hirundo_rustica,757.2056097
Hirundo_daurica,644.5235393
Delichon_urbica,741.6693237
Motacilla_alba,750.5199299
Motacilla_citreola,637.6761352
Motacilla_flava,683.9982382
Motacilla_cinerea,947.5530002
Anthus_campestris,621.7335323
Anthus_trivialis,771.0451721
Anthus_pratensis,746.9934295
Anthus_cervinus,569.0426253
Anthus_spinoletta,1046.645213
Regulus_regulus,820.2585346
Regulus_ignicapillus,854.2757065
Bombycilla_garrulus,565.88316
Cinclus_cinclus,988.7909405
Troglodytes_troglodytes,794.3520321
Prunella_collaris,1348.485653
Prunella_modularis,851.9272139
Monticola_saxatilis,996.1536394
Monticola_solitarius,704.2508221
Turdus_torquatus,1198.919667
Turdus_merula,782.929869
Turdus_pilaris,736.0772142
Turdus_iliacus,683.9843423
Turdus_philomelos,797.2118138
Turdus_viscivorus,764.1253909
Cisticola_juncidis,765.0257437
Cettia_cetti,732.9830546
Locustella_naevia,802.2055659
Locustella_fluviatilis,617.1688824
Locustella_luscinioides,630.065044
Acrocephalus_melanopogon,534.2111341
Acrocephalus_paludicola,521.8764927
Acrocephalus_schoenobaenus,667.9555011
Acrocephalus_agricola,783.7440838
Acrocephalus_scirpaceus,704.870505
Acrocephalus_dumetorum,645.3240014
Acrocephalus_palustris,663.3280955
Acrocephalus_arundinaceus,645.605021
Hippolais_caligatus,684.3773434
Hippolais_pallida,568.1095315
Hippolais_olivetorum,857.6158649
Hippolais_polyglotta,800.2115458
Hippolais_icterina,726.602704
Phylloscopus_trochilus,786.8720268
Phylloscopus_bonelli,794.3520321
Phylloscopus_sibilatrix,798.7128213
Phylloscopus_borealis,571.6396754
Phylloscopus_trochiloides,645.3240014
Sylvia_atricapilla,795.7108062
Sylvia_borin,783.3369764
Sylvia_communis,807.1118935
Sylvia_curruca,701.0141963
Sylvia_nisoria,628.5753205
Sylvia_hortensis,704.5606636
Sylvia_rueppelli,780.9333435
Sylvia_cantillans,655.475219
Sylvia_melanocephala,704.870505
Sylvia_conspicillata,586.8142085
Sylvia_undata,782.929869
Muscicapa_striata,741.6693237
Ficedula_hypoleuca,685.7504981
Ficedula_albicollis,635.8452389
Ficedula_semitorquata,581.9852162
Ficedula_parva,648.7390844
Erithacus_rubecula,772.1558826
Luscinia_luscinia,620.9821596
Luscinia_megarhynchos,733.8038015
Luscinia_svecica,697.8983685
Tarsiger_cyanurus,NA
Phoenicurus_ochruros,771.6005274
Phoenicurus_phoenicurus,748.7566797
Saxicola_rubetra,785.3080553
Saxicola_torquata,820.5199056
Oenanthe_leucura,557.3564139
Oenanthe_oenanthe,757.8956048
Oenanthe_pleschanka,533.4937174
Oenanthe_hispanica,704.870505
Oenanthe_isabellina,589.7187026
Panurus_biarmicus,619.5711055
Aegithalos_caudatus,804.199586
Parus_lugubris,723.9448327
Parus_palustris,812.9141625
Parus_montanus,734.9682123
Parus_cinctus,592.8083861
Parus_ater,932.654152
Parus_cristatus,783.7440838
Parus_major,746.9934295
Parus_caeruleus,786.8720268
Parus_cyanus,640.9456493
Sitta_europaea,772.7592085
Sitta_neumayer,876.9742743
Tichodroma_muraria,1244.377514
Certhia_familiaris,885.1252435
Certhia_brachydactyla,798.7128213
Remiz_pendulinus,608.0227259
Oriolus_oriolus,669.1897043
Lanius_collurio,716.3921022
Lanius_excubitor,647.7758785
Lanius_minor,641.8159195
Lanius_nubicus,638.7840517
Lanius_senator,733.7477028
Perisoreus_infaustus,622.9275224
Garrulus_glandarius,750.5199299
Cyanopica_cyana,577.2038075
Pica_pica,737.186216
Nucifraga_caryocatactes,969.4030095
Pyrrhocorax_pyrrhocorax,799.1466657
Pyrrhocorax_graculus,1424.490681
Corvus_monedula,734.4140563
Corvus_frugilegus,677.3661008
Corvus_corax,738.5131816
Sturnus_roseus,514.0733393
Sturnus_vulgaris,785.3080553
Sturnus_unicolor,597.3327888
Emberiza_citrinella,795.7108062
Emberiza_cirlus,800.2115458
Emberiza_cia,940.6798502
Emberiza_hortulana,643.5699605
Emberiza_caesia,643.1180191
Emberiza_pusilla,558.7263294
Emberiza_rustica,569.9468872
Emberiza_aureola,592.8083861
Emberiza_melanocephala,704.2508221
Emberiza_schoeniclus,709.7882788
Miliaria_calandra,706.6647533
Calcarius_lapponicus,723.1139085
Plectrophenax_nivalis,1039.046283
Fringilla_coelebs,757.5506072
Fringilla_montifringilla,712.0229856
Pinicola_enucleator,592.8083861
Carpodacus_erythrinus,649.9467361
Loxia_pytyopsittacus,675.0513131
Loxia_scotica,2247.929597
Loxia_curvirostra,808.0730292
Loxia_leucoptera,573.8875164
Chloris_chloris,752.0995196
Carduelis_flammea,1011.528335
Carduelis_hornemanni,566.4469298
Carduelis_spinus,920.8473988
Carduelis_carduelis,772.1558826
Carduelis_flavirostris,1763.242028
Carduelis_cannabina,772.2038533
Serinus_serinus,729.2605753
Serinus_citrinella,1234.746697
Pyrrhula_pyrrhula,871.7345611
Coccothraustes_coccothraustes,713.0901905
Passer_domesticus,736.0772142
Passer_hispaniolensis,568.1095315
Passer_montanus,741.6693237
Petronia_petronia,659.3908104
Montifringilla_nivalis,1443.794607
Galerida_theklae,555.6163389
Alces_alces,626.9332203
Allactaga_major,538.2939181
Vulpes_lagopus,567.3918106
Apodemus_agrarius,621.5727462
Apodemus_alpicola,1383.918121
Apodemus_epimelas,602.7236495
Apodemus_flavicollis,791.8263301
Apodemus_sylvaticus,856.6241992
Apodemus_uralensis,617.6477882
Arvicola_amphibius,750.5199299
Arvicola_sapidus,773.7503833
Arvicola_scherman,1190.772336
Atelerix_algirus,377.8773923
Barbastella_barbastellus,797.1031711
Bison_bonasus,NA
Canis_aureus,741.6092905
Canis_lupus,636.6188858
Capra_ibex,1498.365967
Capra_pyrenaica,571.0158735
Capreolus_capreolus,794.5673586
Castor_fiber,646.9854146
Cervus_elaphus,856.6241992
Chionomys_nivalis,1227.184607
Cricetulus_migratorius,511.1627638
Cricetus_cricetus,613.7611563
Crocidura_leucodon,829.8145775
Crocidura_russula,774.3991432
Crocidura_sicula,526.8977082
Crocidura_suaveolens,891.9701036
Dama_dama,830.9773156
Desmana_moschata,NA
Dinaromys_bogdanovi,1076.886014
Dryomys_nitedula,894.6374295
Eliomys_quercinus,781.8844821
Eptesicus_nilssonii,734.8438816
Eptesicus_serotinus,758.6381147
Erinaceus_europaeus,917.2489882
Erinaceus_roumanicus,658.3020761
Felis_silvestris,654.791032
Galemys_pyrenaicus,1164.664454
Genetta_genetta,714.6412897
Glis_glis,856.6241992
Gulo_gulo,623.7826366
Hypsugo_savii,830.9773156
Hystrix_cristata,593.3744014
Lemmus_lemmus,712.6907004
Lepus_castroviejoi,NA
Lepus_corsicanus,536.9681231
Lepus_europaeus,794.2828392
Lepus_granatensis,574.7690217
Lepus_timidus,1190.772336
Lutra_lutra,766.0151663
Lynx_lynx,707.6763918
Lynx_pardinus,NA
Marmota_marmota,1367.17398
Martes_foina,756.0025485
Martes_martes,809.2996331
Meles_meles,794.2828392
Mesocricetus_newtoni,NA
Micromys_minutus,756.6791849
Microtus_agrestis,809.2996331
Microtus_arvalis,773.5948059
Microtus_bavaricus,NA
Microtus_brachycercus,591.6768442
Microtus_cabrerae,644.4246812
Microtus_duodecimcostatus,565.2406979
Microtus_felteni,586.3778388
Microtus_gerbei,856.6241992
Microtus_guentheri,536.8364395
Microtus_levis,608.2847674
Microtus_lusitanicus,1065.516565
Microtus_multiplex,993.4573914
Microtus_oeconomus,584.8547605
Microtus_savii,659.5450549
Microtus_subterraneus,847.7826422
Microtus_tatricus,841.4243847
Microtus_thomasi,856.7839468
Miniopterus_schreibersii,655.3678625
Mus_macedonicus,579.3132344
Mus_musculus,757.9614784
Mus_spicilegus,511.1627638
Mus_spretus,561.5563068
Muscardinus_avellanarius,817.6509051
Mustela_erminea,816.8896361
Mustela_eversmanii,606.3661017
Mustela_lutreola,931.7353551
Mustela_nivalis,739.7803185
Mustela_putorius,736.8053991
Myodes_glareolus,816.8896361
Myodes_rufocanus,574.0138631
Myodes_rutilus,549.9400903
Myomimus_roachi,NA
Myopus_schisticolor,598.0930596
Myotis_bechsteinii,821.8938129
Myotis_blythii,705.1461301
Myotis_brandtii,789.3698209
Myotis_capaccinii,587.7646705
Myotis_dasycneme,621.1698146
Myotis_daubentonii,855.3825494
Myotis_emarginatus,819.3101062
Myotis_myotis,791.8263301
Myotis_mystacinus,854.1408996
Myotis_nattereri,794.8518781
Neomys_anomalus,789.3698209
Neomys_fodiens,789.3698209
Nyctalus_lasiopterus,774.3991432
Nyctalus_leisleri,829.8145775
Nyctalus_noctula,795.9775246
Oryctolagus_cuniculus,718.740997
Pipistrellus_kuhlii,760.047579
Pipistrellus_nathusii,773.3482146
Pipistrellus_pipistrellus,805.298339
Pipistrellus_pygmaeus,887.7450633
Plecotus_auritus,895.2823292
Plecotus_austriacus,789.3698209
Plecotus_kolombatovici,760.780407
Rangifer_tarandus,865.3827605
Rhinolophus_blasii,654.2142015
Rhinolophus_euryale,718.740997
Rhinolophus_ferrumequinum,841.4243847
Rhinolophus_hipposideros,856.6241992
Rhinolophus_mehelyi,626.9114149
Rupicapra_pyrenaica,NA
Rupicapra_rupicapra,1288.148597
Sciurus_vulgaris,794.5673586
Sicista_betulina,663.4829335
Sicista_severtzovi,609.8745244
Sicista_strandi,609.8745244
Sicista_subtilis,485.2314181
Sorex_alpinus,1240.083153
Sorex_antinorii,994.244837
Sorex_araneus,734.3371806
Sorex_caecutiens,584.8547605
Sorex_coronatus,855.3825494
Sorex_granarius,1330.142268
Sorex_isodon,613.9921581
Sorex_minutissimus,592.7834736
Sorex_minutus,805.298339
Sorex_samniticus,649.7806796
Spalax_graecus,NA
Spalax_leucodon,567.5404112
Spalax_zemni,503.7434298
Spermophilus_citellus,569.4749666
Spermophilus_suslicus,503.9324628
Suncus_etruscus,626.9114149
Sus_scrofa,744.5614552
Tadarida_teniotis,695.1018619
Talpa_caeca,972.1572248
Talpa_europaea,797.1031711
Talpa_levantis,579.3132344
Talpa_occidentalis,808.4283419
Talpa_romana,591.6768442
Talpa_stankovici,893.9229342
Ursus_arctos,657.1264386
Vespertilio_murinus,883.5200231
Vormela_peregusna,589.1515022
Vulpes_vulpes,757.9614784
