,temperature
Alytes_cisternasii,15.23894672
Alytes_dickhilleni,10.52738651
Alytes_obstetricans,10.96466929
Bombina_bombina,9.303905701
Bombina_pachypus,13.66304326
Bombina_variegata,8.04880117
Bufo_bufo,8.943312315
Bufo_calamita,10.70469984
Bufo_viridis,8.496610072
Chioglossa_lusitanica,12.18603748
Discoglossus_galganoi,12.50083135
Discoglossus_jeanneae,11.03815412
Discoglossus_pictus,11.90929106
Calotriton_asper,11.93778651
Hyla_arborea,9.476826772
Hyla_intermedia,12.86685624
Hyla_meridionalis,14.42914789
Pelobates_cultripes,13.47433386
Pelobates_fuscus,8.335668938
Pelobates_syriacus,11.56092844
Pelodytes_ibericus,15.56040453
Pelodytes_punctatus,11.75120092
Pleurodeles_waltl,14.2713983
Proteus_anguinus,8.35892903
Rana_arvalis,7.265396511
Rana_bergeri,13.41836362
Rana_dalmatina,9.909079795
Rana_epeirotica,NA
Rana_graeca,10.01847366
Rana_iberica,11.28534105
Rana_italica,13.12569158
Rana_kurtmuelleri,11.71349362
Rana_latastei,8.587657421
Rana_lessonae,8.340802251
Rana_perezi,12.68975852
Rana_pyrenaica,10.78826475
Rana_ridibunda,8.907471676
Rana_shqiperica,NA
Rana_temporaria,6.888554166
Salamandra_atra,4.719611168
Salamandra_lanzai,NA
Salamandra_salamandra,9.352477677
Salamandrina_perspicillata,13.12569158
Salamandrina_terdigitata,NA
Mesotriton_alpestris,7.795140822
Lissotriton_boscai,13.2578071
Triturus_carnifex,8.625218855
Triturus_cristatus,7.025387428
Triturus_dobrogicus,11.41135557
Lissotriton_helveticus,9.948061325
Lissotriton_italicus,15.15736386
Triturus_karelinii,11.68978648
Triturus_marmoratus,11.63166235
Lissotriton_montandoni,5.771491663
Triturus_pygmaeus,15.76422315
Lissotriton_vulgaris,7.727111451
Calotriton_arnoldi,NA
Bufo_siculus,11.90929106
Triturus_macedonicus,10.01847366
Ablepharus_kitaibelii,11.2053521
Acanthodactylus_erythrurus,14.23754696
Algyroides_marchi,NA
Algyroides_moreoticus,14.69334097
Algyroides_nigropunctatus,12.62312679
Anguis_cephallonica,14.69334097
Anguis_fragilis,7.965729841
Blanus_cinereus,14.76493512
Chalcides_bedriagai,14.46049659
Chalcides_chalcides,13.27116347
Chalcides_ocellatus,12.62693293
Chalcides_striatus,13.66394809
Chamaeleo_chamaeleon,16.56205039
Coronella_austriaca,8.81316606
Coronella_girondica,13.03764472
Cyrtopodion_kotschyi,13.60595468
Darevskia_praticola,10.98679756
Platyceps_collaris,12.74344771
Eirenis_modestus,NA
Zamenis_lineatus,12.11693115
Zamenis_longissimus,8.633535806
Elaphe_quatuorlineata,12.90712823
Rhinechis_scalaris,14.36664433
Zamenis_situla,14.28672233
Emys_orbicularis,10.24437361
Eremias_arguta,9.665286202
Eryx_jaculus,13.60595468
Euleptes_europaea,12.90019603
Hellenolacerta_graeca,14.69334097
Hemidactylus_turcicus,14.1197689
Hemorrhois_hippocrepis,14.91753986
Hierophis_gemonensis,13.74285009
Hierophis_viridiflavus,10.27884153
Iberolacerta_aranica,NA
Iberolacerta_aurelioi,NA
Iberolacerta_bonnali,NA
Iberolacerta_cyreni,11.43650957
Iberolacerta_galani,NA
Iberolacerta_horvathi,7.888600282
Iberolacerta_martinezricai,11.36046833
Iberolacerta_monticola,NA
Lacerta_agilis,7.177020011
Lacerta_bilineata,10.29483772
Timon_lepidus,13.74739594
Dinarolacerta_mosorensis,14.57857196
Dinarolacerta_montenegrina,NA
Dalmatolacerta_oxycephala,14.57857196
Lacerta_schreiberi,12.33808034
Lacerta_trilineata,14.1197689
Lacerta_viridis,10.01110932
Zootoca_vivipara,6.177913882
Laudakia_stellio,12.11022109
Macroprotodon_brevis,14.91753986
Malpolon_monspessulanus,13.74739594
Mauremys_leprosa,14.6072703
Mauremys_rivulata,13.885946
Montivipera_xanthina,14.28672233
Natrix_maura,12.63093124
Natrix_natrix,9.325305601
Natrix_tessellata,9.400265124
Ophiomorus_punctatissimus,15.29966131
Ophisops_elegans,13.55978626
Platyceps_najadum,13.60595468
Podarcis_bocagei,14.36664433
Podarcis_carbonelli,11.36046833
Podarcis_erhardii,14.28672233
Podarcis_hispanica,13.95124983
Podarcis_melisellensis,7.973006564
Podarcis_muralis,9.497894149
Podarcis_peloponnesiaca,14.69334097
Podarcis_sicula,13.12204191
Podarcis_taurica,11.45332535
Podarcis_vaucheri,15.11903542
Podarcis_wagleriana,12.62693293
Psammodromus_algirus,14.36664433
Psammodromus_hispanicus,14.1084496
Pseudopus_apodus,12.90712823
Tarentola_mauritanica,13.52911727
Telescopus_fallax,14.42920311
Testudo_graeca,13.15161698
Testudo_hermanni,12.62502986
Emys_trinacris,12.62693293
Testudo_marginata,14.68048111
Typhlops_vermicularis,14.1197689
Vipera_ammodytes,9.43116385
Vipera_aspis,10.07340476
Vipera_berus,5.844053421
Vipera_latastei,14.36664433
Vipera_seoanei,11.22073406
Vipera_ursinii,8.150577591
Dolichophis_caspius,11.18248464
Chamaeleo_africanus,16.47955371
Elaphe_sauromates,11.45332535
Vipera_renardi,NA
Gavia_stellata,1.223561188
Gavia_arctica,1.223561188
Tachybaptus_ruficollis,9.762747646
Podiceps_cristatus,9.26018114
Podiceps_grisegena,6.688997638
Podiceps_auritus,3.728468598
Podiceps_nigricollis,8.804426272
Fulmarus_glacialis,9.409765982
Hydrobates_pelagicus,13.01275928
Oceanodroma_leucorhoa,NA
Morus_bassanus,1.106590583
Phalacrocorax_carbo,9.476546709
Pelecanus_crispus,NA
Ardea_cinerea,8.349780832
Ardea_purpurea,11.330641
Casmerodius_albus,10.2457818
Egretta_garzetta,11.330641
Ardeola_ralloides,10.80759724
Bubulcus_ibis,15.32818745
Nycticorax_nycticorax,10.9739661
Ixobrychus_minutus,10.11252409
Botaurus_stellaris,8.557430443
Ciconia_nigra,7.466749358
Ciconia_ciconia,9.092046602
Plegadis_falcinellus,10.79712352
Platalea_leucorodia,14.85761012
Cygnus_olor,7.914519568
Cygnus_cygnus,-0.211748285
Anser_fabalis,-0.595066387
Anser_erythropus,-1.301182748
Anser_anser,7.109036299
Branta_leucopsis,NA
Tadorna_ferruginea,10.57172986
Tadorna_tadorna,8.722642968
Mareca_penelope,1.281997031
Mareca_strepera,9.155582659
Anas_crecca,5.762815606
Anas_platyrhynchos,7.564568267
Anas_acuta,3.994580049
Anas_querquedula,8.557430443
Anas_clypeata,8.20525566
Marmaronetta_angustirostris,10.7075701
Netta_rufina,9.505521956
Aythya_ferina,8.722642968
Aythya_nyroca,10.11252409
Aythya_fuligula,5.970385511
Aythya_marila,-1.257474948
Somateria_mollissima,4.383417574
Somateria_spectabilis,NA
Clangula_hyemalis,-1.665033389
Melanitta_nigra,-0.780887435
Melanitta_fusca,-0.884854454
Bucephala_clangula,1.588858178
Mergellus_albellus,-0.48721577
Mergus_serrator,1.376197219
Mergus_merganser,2.05012465
Oxyura_leucocephala,16.42334407
Pandion_haliaetus,3.552531624
Pernis_apivorus,7.690217876
Elanus_caeruleus,16.14750409
Milvus_milvus,9.004649219
Milvus_migrans,9.14586049
Haliaeetus_albicilla,4.217553162
Gypaetus_barbatus,10.79897017
Neophron_percnopterus,12.8094699
Gyps_fulvus,12.48099088
Aegypius_monachus,14.56602514
Circaetus_gallicus,10.70043046
Circus_aeruginosus,9.694837647
Circus_cyaneus,6.699917413
Circus_macrourus,7.151882762
Circus_pygargus,10.67707974
Accipiter_brevipes,11.06028199
Accipiter_nisus,7.354787212
Accipiter_gentilis,6.974426214
Buteo_buteo,8.173423269
Buteo_rufinus,10.72571107
Buteo_lagopus,-0.48721577
Aquila_pomarina,7.00294986
Aquila_clanga,6.642424536
Aquila_chrysaetos,4.558248408
Hieraaetus_fasciatus,13.77722737
Hieraaetus_pennatus,11.16653531
Falco_naumanni,13.07761758
Falco_tinnunculus,7.634058511
Falco_vespertinus,7.326146597
Falco_eleonorae,NA
Falco_columbarius,1.376197219
Falco_subbuteo,8.881558597
Falco_biarmicus,13.19898139
Falco_cherrug,9.739368151
Falco_rusticolus,-1.257474948
Falco_peregrinus,7.594240728
Lagopus_lagopus,1.395349404
Lagopus_mutus,0.973886601
Tetrao_urogallus,2.68035374
Tetrao_tetrix,3.13334363
Bonasa_bonasia,4.497256221
Alectoris_graeca,6.332477837
Alectoris_chukar,7.664128639
Alectoris_barbara,NA
Alectoris_rufa,12.40113644
Perdix_perdix,8.173423269
Coturnix_coturnix,9.598335516
Phasianus_colchicus,9.004649219
Anthropoides_virgo,NA
Grus_grus,2.756333964
Rallus_aquaticus,9.505521956
Crex_crex,7.484991944
Porzana_parva,7.387326684
Porzana_pusilla,10.3294671
Porzana_porzana,7.3630853
Porphyrio_porphyrio,17.11851626
Gallinula_chloropus,9.553359101
Fulica_atra,9.155582659
Otis_tarda,14.39649325
Tetrax_tetrax,14.56602514
Haematopus_ostralegus,6.657311512
Himantopus_himantopus,14.36935646
Recurvirostra_avosetta,10.71356086
Burhinus_oedicnemus,12.42065952
Glareola_pratincola,14.90382494
Glareola_nordmanni,9.316344786
Vanellus_vanellus,6.659223686
Pluvialis_apricaria,1.281997031
Charadrius_hiaticula,1.615400788
Charadrius_dubius,8.675361304
Charadrius_alexandrinus,13.75301968
Charadrius_morinellus,0.179526243
Scolopax_rusticola,6.121896478
Lymnocryptes_minimus,0.938738046
Gallinago_media,4.213888228
Gallinago_gallinago,6.026329719
Limosa_limosa,7.3630853
Limosa_lapponica,-2.420807753
Numenius_phaeopus,0.973886601
Numenius_arquata,5.970385511
Tringa_erythropus,-0.817171511
Tringa_totanus,6.163844656
Tringa_stagnatilis,8.061739708
Tringa_nebularia,1.00738449
Tringa_ochropus,3.552531624
Tringa_glareola,1.280119445
Xenus_cinereus,4.773456609
Actitis_hypoleucos,6.735968225
Arenaria_interpres,1.578357617
Calidris_minuta,-2.514915829
Calidris_temminckii,-1.42689016
Calidris_alpina,1.376197219
Calidris_maritima,-1.254290734
Limicola_falcinellus,-0.595066387
Philomachus_pugnax,1.06773573
Phalaropus_lobatus,-0.780887435
Stercorarius_skua,6.915110851
Stercorarius_parasiticus,2.195900871
Stercorarius_longicaudus,-1.793100843
Larus_canus,2.0619842
Larus_marinus,5.522066518
Larus_hyperboreus,NA
Larus_argentatus,4.383417574
Larus_graellsii,3.223408615
Larus_ridibundus,6.722890454
Larus_genei,14.80103008
Larus_melanocephalus,10.52758909
Larus_minutus,4.213888228
Rissa_tridactyla,7.704674268
Gelochelidon_nilotica,16.18989224
Sterna_caspia,3.376594651
Sterna_sandvicensis,9.543327436
Sterna_dougallii,NA
Sterna_hirundo,6.687427443
Sterna_paradisaea,0.957405353
Sterna_albifrons,9.14586049
Chlidonias_hybridus,10.72571107
Chlidonias_leucopterus,6.990284393
Chlidonias_niger,8.053364621
Uria_aalge,8.878856302
Alca_torda,NA
Cepphus_grylle,4.589006906
Fratercula_arctica,NA
Pterocles_alchata,14.56602514
Pterocles_orientalis,13.12358535
Columba_livia,8.462473614
Columba_oenas,8.601284077
Columba_palumbus,7.736501755
Streptopelia_turtur,10.00231469
Streptopelia_decaocto,8.834453229
Clamator_glandarius,14.69462866
Cuculus_canorus,7.61414962
Cuculus_saturatus,NA
Tyto_alba,10.53765835
Otus_scops,10.89851428
Bubo_bubo,6.735968225
Strix_aluco,8.523997761
Strix_uralensis,2.594280976
Strix_nebulosa,1.588858178
Surnia_ulula,0.06413013
Glaucidium_passerinum,3.292691856
Athene_noctua,10.18157784
Aegolius_funereus,2.396360948
Asio_otus,8.151102121
Asio_flammeus,3.208789061
Caprimulgus_ruficollis,15.72872889
Caprimulgus_europaeus,9.388857728
Apus_melba,12.06202614
Apus_apus,8.083831628
Apus_pallidus,13.89800465
Apus_caffer,16.62427112
Alcedo_atthis,9.643426804
Merops_apiaster,10.926656
Coracias_garrulus,10.3294671
Upupa_epops,10.1620965
Jynx_torquilla,6.974426214
Dendrocopos_minor,7.174994156
Dendrocopos_medius,8.123802703
Dendrocopos_major,7.293969705
Picoides_tridactylus,1.93961797
Dryocopus_martius,6.234648009
Picus_viridis,9.158264126
Picus_canus,6.688997638
Melanocorypha_calandra,13.84488824
Calandrella_brachydactyla,13.70584847
Calandrella_rufescens,15.08713804
Chersophilus_duponti,11.14004082
Galerida_cristata,10.47203561
Lullula_arborea,9.990677037
Alauda_arvensis,7.649093575
Eremophila_alpestris,-1.42689016
Riparia_riparia,7.415503536
Ptyonoprogne_rupestris,11.61668302
Hirundo_rustica,7.736501755
Hirundo_daurica,13.84488824
Delichon_urbica,7.592061908
Motacilla_alba,7.448506772
Motacilla_citreola,6.118564255
Motacilla_flava,7.466749358
Motacilla_cinerea,9.399311855
Anthus_campestris,10.68518529
Anthus_trivialis,6.504542061
Anthus_pratensis,5.682012254
Anthus_cervinus,-2.241735613
Anthus_spinoletta,7.592061908
Regulus_regulus,6.523777211
Regulus_ignicapillus,9.923811141
Bombycilla_garrulus,0.134935311
Cinclus_cinclus,6.451643972
Troglodytes_troglodytes,7.755706216
Prunella_collaris,3.147125928
Prunella_modularis,6.659223686
Monticola_saxatilis,9.724105086
Monticola_solitarius,13.07761758
Turdus_torquatus,3.843759608
Turdus_merula,7.939208045
Turdus_pilaris,4.427407257
Turdus_iliacus,1.606438909
Turdus_philomelos,6.820649646
Turdus_viscivorus,7.755706216
Cisticola_juncidis,13.64681314
Cettia_cetti,12.81847278
Locustella_naevia,7.832370884
Locustella_fluviatilis,6.971022487
Locustella_luscinioides,9.013709543
Acrocephalus_melanopogon,11.07435598
Acrocephalus_paludicola,10.3294671
Acrocephalus_schoenobaenus,7.038357929
Acrocephalus_agricola,6.54301236
Acrocephalus_scirpaceus,9.505521956
Acrocephalus_dumetorum,3.927814146
Acrocephalus_palustris,7.00294986
Acrocephalus_arundinaceus,10.00231469
Hippolais_caligatus,4.773456609
Hippolais_pallida,13.07761758
Hippolais_olivetorum,13.89800465
Hippolais_polyglotta,12.5535697
Hippolais_icterina,6.026329719
Phylloscopus_trochilus,6.001847049
Phylloscopus_bonelli,7.354787212
Phylloscopus_sibilatrix,6.685857248
Phylloscopus_borealis,-1.42689016
Phylloscopus_trochiloides,4.746483329
Sylvia_atricapilla,8.23708805
Sylvia_borin,6.687427443
Sylvia_communis,8.173423269
Sylvia_curruca,6.234648009
Sylvia_nisoria,7.00294986
Sylvia_hortensis,13.50263043
Sylvia_rueppelli,12.47914332
Sylvia_cantillans,13.13882738
Sylvia_melanocephala,13.70584847
Sylvia_conspicillata,13.82948421
Sylvia_undata,13.01275928
Muscicapa_striata,7.509943875
Ficedula_hypoleuca,5.776006911
Ficedula_albicollis,7.188214183
Ficedula_semitorquata,13.64826194
Ficedula_parva,6.712995184
Erithacus_rubecula,7.484991944
Luscinia_luscinia,6.625625387
Luscinia_megarhynchos,10.80759724
Luscinia_svecica,3.728468598
Tarsiger_cyanurus,NA
Phoenicurus_ochruros,9.386699799
Phoenicurus_phoenicurus,6.936474913
Saxicola_rubetra,6.584318873
Saxicola_torquata,9.991869757
Oenanthe_leucura,13.07761758
Oenanthe_oenanthe,7.073765997
Oenanthe_pleschanka,10.1620965
Oenanthe_hispanica,13.44075882
Oenanthe_isabellina,13.15760526
Panurus_biarmicus,9.643426804
Aegithalos_caudatus,8.462473614
Parus_lugubris,10.53765835
Parus_palustris,7.564568267
Parus_montanus,4.746483329
Parus_cinctus,-1.257474948
Parus_ater,7.088972745
Parus_cristatus,6.977618927
Parus_major,7.736501755
Parus_caeruleus,8.540372372
Parus_cyanus,6.688997638
Sitta_europaea,8.601284077
Sitta_neumayer,11.45588156
Tichodroma_muraria,6.227719032
Certhia_familiaris,6.125547434
Certhia_brachydactyla,10.69329083
Remiz_pendulinus,8.926579189
Oriolus_oriolus,9.851380247
Lanius_collurio,7.736501755
Lanius_excubitor,6.176606132
Lanius_minor,10.0114447
Lanius_nubicus,13.77313329
Lanius_senator,12.90632327
Perisoreus_infaustus,0.558184926
Garrulus_glandarius,7.939208045
Cyanopica_cyana,16.17851034
Pica_pica,7.634058511
Nucifraga_caryocatactes,5.943076529
Pyrrhocorax_pyrrhocorax,12.42065952
Pyrrhocorax_graculus,3.873835012
Corvus_monedula,9.145624427
Corvus_frugilegus,8.856654766
Corvus_corax,7.00294986
Sturnus_roseus,10.1620965
Sturnus_vulgaris,6.722890454
Sturnus_unicolor,13.86876113
Emberiza_citrinella,6.967618761
Emberiza_cirlus,12.36614293
Emberiza_cia,11.85148113
Emberiza_hortulana,8.088809899
Emberiza_caesia,12.74987154
Emberiza_pusilla,-0.967935007
Emberiza_rustica,1.133634525
Emberiza_aureola,3.07022258
Emberiza_melanocephala,12.47032228
Emberiza_schoeniclus,6.504542061
Miliaria_calandra,10.49952498
Calcarius_lapponicus,-1.401607686
Plectrophenax_nivalis,-0.780887435
Fringilla_coelebs,7.720588012
Fringilla_montifringilla,1.06773573
Pinicola_enucleator,-0.79100828
Carpodacus_erythrinus,4.773456609
Loxia_pytyopsittacus,1.281997031
Loxia_scotica,6.163844656
Loxia_curvirostra,6.125228701
Loxia_leucoptera,0.634750945
Chloris_chloris,8.349780832
Carduelis_flammea,2.609147823
Carduelis_hornemanni,-2.195022278
Carduelis_spinus,5.570914207
Carduelis_carduelis,9.388857728
Carduelis_flavirostris,2.29613091
Carduelis_cannabina,9.103433571
Serinus_serinus,10.01885016
Serinus_citrinella,7.592061908
Pyrrhula_pyrrhula,6.285849594
Coccothraustes_coccothraustes,8.151102121
Passer_domesticus,7.755706216
Passer_hispaniolensis,14.85761012
Passer_montanus,9.130104452
Petronia_petronia,13.70584847
Montifringilla_nivalis,3.147125928
Galerida_theklae,14.48443954
Alces_alces,1.086803637
Allactaga_major,8.490726463
Vulpes_lagopus,-1.888131788
Apodemus_agrarius,7.31746463
Apodemus_alpicola,2.638287968
Apodemus_epimelas,11.72273072
Apodemus_flavicollis,7.84790383
Apodemus_sylvaticus,9.254207856
Apodemus_uralensis,7.272028547
Arvicola_amphibius,6.783275321
Arvicola_sapidus,12.55962118
Arvicola_scherman,6.198292661
Atelerix_algirus,15.55038569
Barbastella_barbastellus,9.706784042
Bison_bonasus,NA
Canis_aureus,10.39597187
Canis_lupus,6.814523999
Capra_ibex,2.050785841
Capra_pyrenaica,12.37277953
Capreolus_capreolus,7.358619235
Castor_fiber,4.562613657
Cervus_elaphus,7.68777303
Chionomys_nivalis,5.2779255
Cricetulus_migratorius,9.692184373
Cricetus_cricetus,8.138940771
Crocidura_leucodon,8.437846192
Crocidura_russula,12.09896599
Crocidura_sicula,15.36583163
Crocidura_suaveolens,9.328914241
Dama_dama,12.26090044
Desmana_moschata,NA
Dinaromys_bogdanovi,8.23891867
Dryomys_nitedula,7.272028547
Eliomys_quercinus,10.89176469
Eptesicus_nilssonii,3.209807825
Eptesicus_serotinus,9.788531209
Erinaceus_europaeus,8.569505092
Erinaceus_roumanicus,7.337780757
Felis_silvestris,11.43542141
Galemys_pyrenaicus,12.90223001
Genetta_genetta,12.95169113
Glis_glis,8.37142206
Gulo_gulo,-0.825481352
Hypsugo_savii,12.11619332
Hystrix_cristata,13.80850688
Lemmus_lemmus,-0.809880041
Lepus_castroviejoi,NA
Lepus_corsicanus,15.58621476
Lepus_europaeus,7.897852046
Lepus_granatensis,13.27196034
Lepus_timidus,1.41878324
Lutra_lutra,7.78406323
Lynx_lynx,2.044738551
Lynx_pardinus,NA
Marmota_marmota,2.810052904
Martes_foina,9.699484207
Martes_martes,6.991157467
Meles_meles,8.26336251
Mesocricetus_newtoni,NA
Micromys_minutus,7.928979984
Microtus_agrestis,6.242438916
Microtus_arvalis,8.070816992
Microtus_bavaricus,NA
Microtus_brachycercus,13.80029679
Microtus_cabrerae,14.8992577
Microtus_duodecimcostatus,12.68983247
Microtus_felteni,10.8421547
Microtus_gerbei,12.23427336
Microtus_guentheri,12.7376712
Microtus_levis,6.757039577
Microtus_lusitanicus,12.9290072
Microtus_multiplex,2.736045029
Microtus_oeconomus,0.696911435
Microtus_savii,13.04110461
Microtus_subterraneus,7.337780757
Microtus_tatricus,6.344429714
Microtus_thomasi,11.06773176
Miniopterus_schreibersii,12.40014286
Mus_macedonicus,12.38225004
Mus_musculus,7.704674268
Mus_spicilegus,10.21345313
Mus_spretus,14.45347285
Muscardinus_avellanarius,8.04887052
Mustela_erminea,6.762809791
Mustela_eversmanii,8.085104545
Mustela_lutreola,12.61365073
Mustela_nivalis,7.413482346
Mustela_putorius,9.176409243
Myodes_glareolus,6.772952315
Myodes_rufocanus,-0.809880041
Myodes_rutilus,-1.509277142
Myomimus_roachi,NA
Myopus_schisticolor,0.696911435
Myotis_bechsteinii,10.30286567
Myotis_blythii,11.82107382
Myotis_brandtii,7.155212432
Myotis_capaccinii,12.60530211
Myotis_dasycneme,7.365473488
Myotis_daubentonii,8.468866884
Myotis_emarginatus,10.44599149
Myotis_myotis,10.24570463
Myotis_mystacinus,8.694296652
Myotis_nattereri,9.23421302
Neomys_anomalus,9.893981114
Neomys_fodiens,6.504542061
Nyctalus_lasiopterus,12.37277953
Nyctalus_leisleri,9.362146732
Nyctalus_noctula,8.329737684
Oryctolagus_cuniculus,12.90223001
Pipistrellus_kuhlii,11.05512182
Pipistrellus_nathusii,8.857975039
Pipistrellus_pipistrellus,9.362146732
Pipistrellus_pygmaeus,8.747585261
Plecotus_auritus,8.275707909
Plecotus_austriacus,10.32777522
Plecotus_kolombatovici,12.18567446
Rangifer_tarandus,0.024935323
Rhinolophus_blasii,11.25978698
Rhinolophus_euryale,12.88536648
Rhinolophus_ferrumequinum,10.93497052
Rhinolophus_hipposideros,10.16257049
Rhinolophus_mehelyi,15.58345293
Rupicapra_pyrenaica,NA
Rupicapra_rupicapra,5.089234767
Sciurus_vulgaris,7.255432063
Sicista_betulina,4.986457983
Sicista_severtzovi,6.991157467
Sicista_strandi,6.777324623
Sicista_subtilis,9.316024135
Sorex_alpinus,6.00302447
Sorex_antinorii,5.643763714
Sorex_araneus,5.808098193
Sorex_caecutiens,-0.536839431
Sorex_coronatus,10.30286567
Sorex_granarius,13.39507988
Sorex_isodon,2.081688362
Sorex_minutissimus,0.938738046
Sorex_minutus,7.255432063
Sorex_samniticus,13.20961301
Spalax_graecus,NA
Spalax_leucodon,10.8421547
Spalax_zemni,9.133313705
Spermophilus_citellus,10.50229672
Spermophilus_suslicus,9.083130098
Suncus_etruscus,13.22465282
Sus_scrofa,9.401630717
Tadarida_teniotis,12.86735695
Talpa_caeca,11.408573
Talpa_europaea,7.704674268
Talpa_levantis,12.93424678
Talpa_occidentalis,12.95258959
Talpa_romana,13.80029679
Talpa_stankovici,11.06773176
Ursus_arctos,1.505307861
Vespertilio_murinus,6.777324623
Vormela_peregusna,11.25978698
Vulpes_vulpes,7.704674268
