,temperature
Alytes_cisternasii,15.01218286
Alytes_dickhilleni,11.61697147
Alytes_obstetricans,10.85062011
Bombina_bombina,9.087307091
Bombina_pachypus,13.40640932
Bombina_variegata,7.997750709
Bufo_bufo,8.562419969
Bufo_calamita,10.92388636
Bufo_viridis,8.638584867
Chioglossa_lusitanica,12.49116116
Discoglossus_galganoi,13.088551
Discoglossus_jeanneae,11.9116902
Discoglossus_pictus,11.90929106
Calotriton_asper,11.10283111
Hyla_arborea,9.22110638
Hyla_intermedia,12.05877769
Hyla_meridionalis,13.99658571
Pelobates_cultripes,13.04891468
Pelobates_fuscus,8.486430608
Pelobates_syriacus,11.79512575
Pelodytes_ibericus,14.12126625
Pelodytes_punctatus,12.00921684
Pleurodeles_waltl,13.98205153
Proteus_anguinus,8.626265826
Rana_arvalis,6.61898895
Rana_bergeri,13.22055451
Rana_dalmatina,9.486130449
Rana_epeirotica,NA
Rana_graeca,9.642786865
Rana_iberica,11.37513544
Rana_italica,12.6225462
Rana_kurtmuelleri,12.11302186
Rana_latastei,9.425109491
Rana_lessonae,8.430969683
Rana_perezi,12.83025783
Rana_pyrenaica,10.78826475
Rana_ridibunda,8.852303321
Rana_shqiperica,NA
Rana_temporaria,5.993540483
Salamandra_atra,3.874231373
Salamandra_lanzai,NA
Salamandra_salamandra,8.971212939
Salamandrina_perspicillata,12.6225462
Salamandrina_terdigitata,NA
Mesotriton_alpestris,7.394749272
Lissotriton_boscai,13.71942007
Triturus_carnifex,8.760419053
Triturus_cristatus,6.282211457
Triturus_dobrogicus,11.02879289
Lissotriton_helveticus,10.11937007
Lissotriton_italicus,15.19289323
Triturus_karelinii,11.1225557
Triturus_marmoratus,11.4691188
Lissotriton_montandoni,5.270327613
Triturus_pygmaeus,14.4422915
Lissotriton_vulgaris,7.186829154
Calotriton_arnoldi,NA
Bufo_siculus,11.90929106
Triturus_macedonicus,9.57329081
Ablepharus_kitaibelii,11.63207454
Acanthodactylus_erythrurus,13.63606218
Algyroides_marchi,NA
Algyroides_moreoticus,14.69334097
Algyroides_nigropunctatus,11.78409211
Anguis_cephallonica,14.69334097
Anguis_fragilis,7.860183253
Blanus_cinereus,14.17820517
Chalcides_bedriagai,13.87275613
Chalcides_chalcides,12.62325373
Chalcides_ocellatus,12.62693293
Chalcides_striatus,12.95023496
Chamaeleo_chamaeleon,16.56205039
Coronella_austriaca,8.261621903
Coronella_girondica,11.41366843
Cyrtopodion_kotschyi,12.78703786
Darevskia_praticola,11.21380338
Platyceps_collaris,12.74344771
Eirenis_modestus,NA
Zamenis_lineatus,12.42518366
Zamenis_longissimus,7.843109451
Elaphe_quatuorlineata,12.47460266
Rhinechis_scalaris,13.65394135
Zamenis_situla,13.89314063
Emys_orbicularis,9.437109221
Eremias_arguta,9.665286202
Eryx_jaculus,12.35218936
Euleptes_europaea,12.90019603
Hellenolacerta_graeca,14.69334097
Hemidactylus_turcicus,13.68490078
Hemorrhois_hippocrepis,14.32888372
Hierophis_gemonensis,13.02895787
Hierophis_viridiflavus,8.552415374
Iberolacerta_aranica,NA
Iberolacerta_aurelioi,NA
Iberolacerta_bonnali,NA
Iberolacerta_cyreni,11.43650957
Iberolacerta_galani,NA
Iberolacerta_horvathi,6.758102415
Iberolacerta_martinezricai,11.36046833
Iberolacerta_monticola,NA
Lacerta_agilis,6.484020135
Lacerta_bilineata,8.55641275
Timon_lepidus,12.99030733
Dinarolacerta_mosorensis,14.57857196
Dinarolacerta_montenegrina,NA
Dalmatolacerta_oxycephala,14.57857196
Lacerta_schreiberi,12.60498917
Lacerta_trilineata,13.49129782
Lacerta_viridis,9.808278513
Zootoca_vivipara,5.181927172
Laudakia_stellio,11.14264465
Macroprotodon_brevis,14.10186538
Malpolon_monspessulanus,13.04787296
Mauremys_leprosa,14.03779074
Mauremys_rivulata,13.40069165
Montivipera_xanthina,14.28672233
Natrix_maura,11.94294435
Natrix_natrix,8.725745885
Natrix_tessellata,7.76828446
Ophiomorus_punctatissimus,15.29966131
Ophisops_elegans,12.69902002
Platyceps_najadum,12.25894614
Podarcis_bocagei,14.36664433
Podarcis_carbonelli,11.36046833
Podarcis_erhardii,12.50696482
Podarcis_hispanica,13.265988
Podarcis_melisellensis,8.486735835
Podarcis_muralis,8.081719292
Podarcis_peloponnesiaca,14.69334097
Podarcis_sicula,12.4659698
Podarcis_taurica,11.88888026
Podarcis_vaucheri,14.07855784
Podarcis_wagleriana,12.62693293
Psammodromus_algirus,13.65617184
Psammodromus_hispanicus,13.55659417
Pseudopus_apodus,11.75456362
Tarentola_mauritanica,12.75319343
Telescopus_fallax,13.41509284
Testudo_graeca,12.26490519
Testudo_hermanni,12.01689523
Emys_trinacris,12.62693293
Testudo_marginata,14.64700597
Typhlops_vermicularis,14.17249237
Vipera_ammodytes,8.585505133
Vipera_aspis,7.885255384
Vipera_berus,4.945000715
Vipera_latastei,13.50069764
Vipera_seoanei,10.86592088
Vipera_ursinii,8.599581854
Dolichophis_caspius,11.55272703
Chamaeleo_africanus,16.47955371
Elaphe_sauromates,11.46264891
Vipera_renardi,NA
Gavia_stellata,1.265975582
Gavia_arctica,1.273290386
Tachybaptus_ruficollis,10.12029191
Podiceps_cristatus,8.904152507
Podiceps_grisegena,6.065398846
Podiceps_auritus,2.947904525
Podiceps_nigricollis,9.023743635
Fulmarus_glacialis,9.554311198
Hydrobates_pelagicus,13.01275928
Oceanodroma_leucorhoa,NA
Morus_bassanus,1.106590583
Phalacrocorax_carbo,9.290554348
Pelecanus_crispus,NA
Ardea_cinerea,7.965647751
Ardea_purpurea,11.87805063
Casmerodius_albus,10.22690586
Egretta_garzetta,12.1921558
Ardeola_ralloides,11.58821808
Bubulcus_ibis,14.89041741
Nycticorax_nycticorax,11.32259509
Ixobrychus_minutus,10.29303111
Botaurus_stellaris,8.832620475
Ciconia_nigra,8.639696482
Ciconia_ciconia,9.552098543
Plegadis_falcinellus,11.86287507
Platalea_leucorodia,13.60364133
Cygnus_olor,7.728291655
Cygnus_cygnus,0.459179412
Anser_fabalis,-0.124119387
Anser_erythropus,-1.204932793
Anser_anser,6.475317387
Branta_leucopsis,NA
Tadorna_ferruginea,10.57172986
Tadorna_tadorna,7.6115702
Mareca_penelope,1.867204807
Mareca_strepera,9.338923229
Anas_crecca,4.701511521
Anas_platyrhynchos,7.07706887
Anas_acuta,4.005163066
Anas_querquedula,8.104166479
Anas_clypeata,7.704161584
Marmaronetta_angustirostris,10.7075701
Netta_rufina,11.03985321
Aythya_ferina,8.475708666
Aythya_nyroca,9.875174854
Aythya_fuligula,4.899715708
Aythya_marila,-0.921097724
Somateria_mollissima,4.513891133
Somateria_spectabilis,NA
Clangula_hyemalis,-1.420528269
Melanitta_nigra,0.33926896
Melanitta_fusca,-0.476500583
Bucephala_clangula,2.108661171
Mergellus_albellus,0.071457794
Mergus_serrator,2.199297189
Mergus_merganser,2.520753449
Oxyura_leucocephala,15.55985768
Pandion_haliaetus,3.354402132
Pernis_apivorus,7.612423759
Elanus_caeruleus,15.22898273
Milvus_milvus,10.08568218
Milvus_migrans,9.53494692
Haliaeetus_albicilla,3.708789733
Gypaetus_barbatus,10.65105465
Neophron_percnopterus,12.97988024
Gyps_fulvus,12.18193879
Aegypius_monachus,13.33598091
Circaetus_gallicus,10.55622613
Circus_aeruginosus,9.587801246
Circus_cyaneus,6.097362596
Circus_macrourus,7.742284204
Circus_pygargus,10.60631209
Accipiter_brevipes,11.85946744
Accipiter_nisus,6.911264604
Accipiter_gentilis,6.583981308
Buteo_buteo,8.154047689
Buteo_rufinus,11.10775118
Buteo_lagopus,-0.138268276
Aquila_pomarina,7.696798172
Aquila_clanga,6.12795551
Aquila_chrysaetos,4.864391147
Hieraaetus_fasciatus,13.38072935
Hieraaetus_pennatus,11.39048117
Falco_naumanni,12.30338797
Falco_tinnunculus,7.141454827
Falco_vespertinus,7.733980347
Falco_eleonorae,NA
Falco_columbarius,2.261978658
Falco_subbuteo,8.776061804
Falco_biarmicus,13.03450869
Falco_cherrug,9.26034459
Falco_rusticolus,-0.632329197
Falco_peregrinus,7.360796958
Lagopus_lagopus,2.334264124
Lagopus_mutus,1.862198029
Tetrao_urogallus,2.85210445
Tetrao_tetrix,3.209232433
Bonasa_bonasia,3.863419323
Alectoris_graeca,6.318469493
Alectoris_chukar,8.168319992
Alectoris_barbara,NA
Alectoris_rufa,12.20336315
Perdix_perdix,8.310254993
Coturnix_coturnix,9.445668784
Phasianus_colchicus,8.894956071
Anthropoides_virgo,NA
Grus_grus,2.99195612
Rallus_aquaticus,9.432419953
Crex_crex,7.231526496
Porzana_parva,8.635301449
Porzana_pusilla,10.64005837
Porzana_porzana,7.543565969
Porphyrio_porphyrio,17.11851626
Gallinula_chloropus,9.710512384
Fulica_atra,9.070977166
Otis_tarda,13.34485826
Tetrax_tetrax,13.63010439
Haematopus_ostralegus,6.149545542
Himantopus_himantopus,13.56672577
Recurvirostra_avosetta,12.34402369
Burhinus_oedicnemus,12.3696365
Glareola_pratincola,14.13170695
Glareola_nordmanni,9.199088573
Vanellus_vanellus,6.043929495
Pluvialis_apricaria,2.137167999
Charadrius_hiaticula,3.076055142
Charadrius_dubius,8.662894037
Charadrius_alexandrinus,13.199332
Charadrius_morinellus,1.171340535
Scolopax_rusticola,5.309343412
Lymnocryptes_minimus,0.698858353
Gallinago_media,2.995377848
Gallinago_gallinago,5.042082724
Limosa_limosa,7.703141474
Limosa_lapponica,-2.17832425
Numenius_phaeopus,0.88693265
Numenius_arquata,4.987389876
Tringa_erythropus,-0.455465868
Tringa_totanus,5.442790739
Tringa_stagnatilis,8.108440113
Tringa_nebularia,1.142670421
Tringa_ochropus,3.317234244
Tringa_glareola,1.852137157
Xenus_cinereus,5.454697062
Actitis_hypoleucos,6.467758403
Arenaria_interpres,2.231299518
Calidris_minuta,-2.514915829
Calidris_temminckii,-0.892081128
Calidris_alpina,2.295350538
Calidris_maritima,-0.140033835
Limicola_falcinellus,-0.300860706
Philomachus_pugnax,1.383070952
Phalaropus_lobatus,-0.24327681
Stercorarius_skua,6.915110851
Stercorarius_parasiticus,2.126331805
Stercorarius_longicaudus,-1.59866108
Larus_canus,2.743430997
Larus_marinus,4.72002813
Larus_hyperboreus,NA
Larus_argentatus,4.409990644
Larus_graellsii,4.531278196
Larus_ridibundus,6.238353679
Larus_genei,14.80103008
Larus_melanocephalus,10.20249134
Larus_minutus,3.995916728
Rissa_tridactyla,6.645086914
Gelochelidon_nilotica,15.69808432
Sterna_caspia,3.051729299
Sterna_sandvicensis,10.42818983
Sterna_dougallii,NA
Sterna_hirundo,6.350291578
Sterna_paradisaea,1.656909006
Sterna_albifrons,10.20884728
Chlidonias_hybridus,11.36456824
Chlidonias_leucopterus,7.714524849
Chlidonias_niger,8.268354503
Uria_aalge,8.878856302
Alca_torda,NA
Cepphus_grylle,5.085276435
Fratercula_arctica,NA
Pterocles_alchata,13.52418452
Pterocles_orientalis,13.09756998
Columba_livia,8.161021367
Columba_oenas,8.491089786
Columba_palumbus,7.497052904
Streptopelia_turtur,10.00766515
Streptopelia_decaocto,8.693046418
Clamator_glandarius,14.35721579
Cuculus_canorus,7.120617801
Cuculus_saturatus,NA
Tyto_alba,10.80445672
Otus_scops,10.72291996
Bubo_bubo,6.918291652
Strix_aluco,8.412192301
Strix_uralensis,3.053886299
Strix_nebulosa,2.090154955
Surnia_ulula,0.259453338
Glaucidium_passerinum,3.348231987
Athene_noctua,10.19156265
Aegolius_funereus,3.183891693
Asio_otus,7.940349334
Asio_flammeus,3.621495218
Caprimulgus_ruficollis,15.07777033
Caprimulgus_europaeus,9.201374499
Apus_melba,10.47915586
Apus_apus,7.604070622
Apus_pallidus,14.10175493
Apus_caffer,16.62427112
Alcedo_atthis,9.766792367
Merops_apiaster,11.27041036
Coracias_garrulus,10.495886
Upupa_epops,9.877263836
Jynx_torquilla,6.64566269
Dendrocopos_minor,6.49337622
Dendrocopos_medius,8.807791914
Dendrocopos_major,7.016303796
Picoides_tridactylus,2.382624527
Dryocopus_martius,5.713330523
Picus_viridis,9.167072635
Picus_canus,6.248102316
Melanocorypha_calandra,13.27255952
Calandrella_brachydactyla,13.13161899
Calandrella_rufescens,14.8368274
Chersophilus_duponti,11.1857878
Galerida_cristata,10.63431774
Lullula_arborea,9.825843634
Alauda_arvensis,7.221526309
Eremophila_alpestris,0.380180547
Riparia_riparia,6.93422683
Ptyonoprogne_rupestris,10.24170802
Hirundo_rustica,7.380893696
Hirundo_daurica,13.09778189
Delichon_urbica,7.063173574
Motacilla_alba,6.90705786
Motacilla_citreola,6.088316001
Motacilla_flava,6.874349304
Motacilla_cinerea,8.968317104
Anthus_campestris,10.96885203
Anthus_trivialis,5.82190717
Anthus_pratensis,4.526769441
Anthus_cervinus,-2.302854866
Anthus_spinoletta,7.222138076
Regulus_regulus,6.084704201
Regulus_ignicapillus,9.604707673
Bombycilla_garrulus,0.269623362
Cinclus_cinclus,5.847527611
Troglodytes_troglodytes,7.495822494
Prunella_collaris,3.449703686
Prunella_modularis,6.064678012
Monticola_saxatilis,8.75853334
Monticola_solitarius,12.85011865
Turdus_torquatus,3.429360505
Turdus_merula,7.568123644
Turdus_pilaris,3.795593773
Turdus_iliacus,2.135124349
Turdus_philomelos,6.187855583
Turdus_viscivorus,7.670477178
Cisticola_juncidis,13.25413043
Cettia_cetti,12.67488215
Locustella_naevia,7.512958078
Locustella_fluviatilis,6.796076929
Locustella_luscinioides,9.512474739
Acrocephalus_melanopogon,11.5382534
Acrocephalus_paludicola,9.92594038
Acrocephalus_schoenobaenus,6.306366027
Acrocephalus_agricola,6.54301236
Acrocephalus_scirpaceus,9.494355515
Acrocephalus_dumetorum,3.758084458
Acrocephalus_palustris,7.070380599
Acrocephalus_arundinaceus,9.871457837
Hippolais_caligatus,4.773456609
Hippolais_pallida,13.0143838
Hippolais_olivetorum,13.94519478
Hippolais_polyglotta,12.40327133
Hippolais_icterina,5.226677335
Phylloscopus_trochilus,5.02722912
Phylloscopus_bonelli,6.852413503
Phylloscopus_sibilatrix,6.19711289
Phylloscopus_borealis,-0.6042938
Phylloscopus_trochiloides,4.631201268
Sylvia_atricapilla,7.888386702
Sylvia_borin,6.259006142
Sylvia_communis,7.847852782
Sylvia_curruca,5.785838889
Sylvia_nisoria,7.301819658
Sylvia_hortensis,13.04286372
Sylvia_rueppelli,12.47914332
Sylvia_cantillans,12.67124163
Sylvia_melanocephala,13.13514126
Sylvia_conspicillata,13.34924296
Sylvia_undata,13.16516329
Muscicapa_striata,7.047861299
Ficedula_hypoleuca,5.020691599
Ficedula_albicollis,7.417919518
Ficedula_semitorquata,13.21906144
Ficedula_parva,6.693081358
Erithacus_rubecula,6.985773723
Luscinia_luscinia,6.18577899
Luscinia_megarhynchos,10.85505714
Luscinia_svecica,3.588854924
Tarsiger_cyanurus,NA
Phoenicurus_ochruros,9.25711308
Phoenicurus_phoenicurus,6.396951716
Saxicola_rubetra,5.845738236
Saxicola_torquata,9.855552402
Oenanthe_leucura,13.07190784
Oenanthe_oenanthe,6.310985661
Oenanthe_pleschanka,10.59275976
Oenanthe_hispanica,12.67257035
Oenanthe_isabellina,13.15760526
Panurus_biarmicus,9.768360251
Aegithalos_caudatus,8.0258763
Parus_lugubris,10.6590534
Parus_palustris,7.408031574
Parus_montanus,4.345092238
Parus_cinctus,-1.143929984
Parus_ater,6.910720518
Parus_cristatus,7.155975801
Parus_major,7.389998211
Parus_caeruleus,8.062208725
Parus_cyanus,6.688997638
Sitta_europaea,8.465851573
Sitta_neumayer,11.42682769
Tichodroma_muraria,5.971325053
Certhia_familiaris,5.405808343
Certhia_brachydactyla,10.4835014
Remiz_pendulinus,9.585891147
Oriolus_oriolus,9.730858726
Lanius_collurio,7.616989872
Lanius_excubitor,6.212997911
Lanius_minor,10.05041823
Lanius_nubicus,13.6002916
Lanius_senator,12.71544004
Perisoreus_infaustus,0.403241927
Garrulus_glandarius,7.473759873
Cyanopica_cyana,14.7195873
Pica_pica,7.07694851
Nucifraga_caryocatactes,5.226535312
Pyrrhocorax_pyrrhocorax,12.00728383
Pyrrhocorax_graculus,3.867123615
Corvus_monedula,8.860010011
Corvus_frugilegus,8.429528292
Corvus_corax,6.669796777
Sturnus_roseus,10.1620965
Sturnus_vulgaris,6.22125147
Sturnus_unicolor,13.66639696
Emberiza_citrinella,6.213237503
Emberiza_cirlus,11.84945833
Emberiza_cia,11.01014644
Emberiza_hortulana,8.194345422
Emberiza_caesia,12.72867117
Emberiza_pusilla,-1.203862593
Emberiza_rustica,0.653548468
Emberiza_aureola,2.584994865
Emberiza_melanocephala,12.45163723
Emberiza_schoeniclus,6.152372976
Miliaria_calandra,10.47723207
Calcarius_lapponicus,-0.969612644
Plectrophenax_nivalis,0.360434262
Fringilla_coelebs,7.365531155
Fringilla_montifringilla,1.061687117
Pinicola_enucleator,-0.772129415
Carpodacus_erythrinus,4.437383985
Loxia_pytyopsittacus,1.547366857
Loxia_scotica,6.326651441
Loxia_curvirostra,5.658722374
Loxia_leucoptera,0.186545953
Chloris_chloris,7.942959704
Carduelis_flammea,3.390892255
Carduelis_hornemanni,-2.256283023
Carduelis_spinus,4.614919107
Carduelis_carduelis,9.293389554
Carduelis_flavirostris,2.527439722
Carduelis_cannabina,8.760285781
Serinus_serinus,10.01410261
Serinus_citrinella,6.863347685
Pyrrhula_pyrrhula,5.725122861
Coccothraustes_coccothraustes,8.557441406
Passer_domesticus,7.341185524
Passer_hispaniolensis,14.08113689
Passer_montanus,8.911451062
Petronia_petronia,13.11158219
Montifringilla_nivalis,3.53961375
Galerida_theklae,13.81634902
Alces_alces,1.529565708
Allactaga_major,8.276092076
Vulpes_lagopus,-1.663507759
Apodemus_agrarius,7.535939782
Apodemus_alpicola,2.668907886
Apodemus_epimelas,12.07769227
Apodemus_flavicollis,7.603596354
Apodemus_sylvaticus,9.047698997
Apodemus_uralensis,7.510553446
Arvicola_amphibius,5.874133194
Arvicola_sapidus,12.46945674
Arvicola_scherman,5.307409917
Atelerix_algirus,15.1119782
Barbastella_barbastellus,9.458719299
Bison_bonasus,NA
Canis_aureus,10.8559419
Canis_lupus,6.999387482
Capra_ibex,1.424509288
Capra_pyrenaica,11.47501242
Capreolus_capreolus,6.800894762
Castor_fiber,3.914778056
Cervus_elaphus,7.346255164
Chionomys_nivalis,5.433194684
Cricetulus_migratorius,10.17769116
Cricetus_cricetus,8.377693238
Crocidura_leucodon,7.78707168
Crocidura_russula,11.53350019
Crocidura_sicula,15.36583163
Crocidura_suaveolens,8.880162806
Dama_dama,11.47705851
Desmana_moschata,NA
Dinaromys_bogdanovi,8.23891867
Dryomys_nitedula,7.191901947
Eliomys_quercinus,9.693920276
Eptesicus_nilssonii,3.107443012
Eptesicus_serotinus,9.536901524
Erinaceus_europaeus,7.822177003
Erinaceus_roumanicus,7.637160985
Felis_silvestris,11.42590842
Galemys_pyrenaicus,12.77826055
Genetta_genetta,13.2595506
Glis_glis,8.233712118
Gulo_gulo,-0.396091118
Hypsugo_savii,10.12431701
Hystrix_cristata,14.16779107
Lemmus_lemmus,-0.437741853
Lepus_castroviejoi,NA
Lepus_corsicanus,15.59738962
Lepus_europaeus,7.727731132
Lepus_granatensis,13.27521907
Lepus_timidus,2.279705556
Lutra_lutra,7.124596443
Lynx_lynx,2.529496153
Lynx_pardinus,NA
Marmota_marmota,2.787665114
Martes_foina,9.39979224
Martes_martes,6.161287602
Meles_meles,7.642781998
Mesocricetus_newtoni,NA
Micromys_minutus,7.576053697
Microtus_agrestis,5.489871604
Microtus_arvalis,7.663437879
Microtus_bavaricus,NA
Microtus_brachycercus,14.13342384
Microtus_cabrerae,14.52861976
Microtus_duodecimcostatus,12.80435969
Microtus_felteni,10.68391024
Microtus_gerbei,12.15359404
Microtus_guentheri,12.53054914
Microtus_levis,7.181934257
Microtus_lusitanicus,13.18235477
Microtus_multiplex,4.40450898
Microtus_oeconomus,2.351337134
Microtus_savii,13.4819843
Microtus_subterraneus,6.908254121
Microtus_tatricus,6.344429714
Microtus_thomasi,11.91351607
Miniopterus_schreibersii,11.77623451
Mus_macedonicus,12.24900317
Mus_musculus,7.046227633
Mus_spicilegus,10.32815524
Mus_spretus,14.23895161
Muscardinus_avellanarius,7.724483836
Mustela_erminea,5.678005216
Mustela_eversmanii,8.402886309
Mustela_lutreola,11.54987044
Mustela_nivalis,6.952489651
Mustela_putorius,9.076483181
Myodes_glareolus,5.866243088
Myodes_rufocanus,-0.834389066
Myodes_rutilus,-1.069159849
Myomimus_roachi,NA
Myopus_schisticolor,0.786499791
Myotis_bechsteinii,9.67509453
Myotis_blythii,10.58039816
Myotis_brandtii,6.643545401
Myotis_capaccinii,11.87824932
Myotis_dasycneme,7.554069657
Myotis_daubentonii,8.059851452
Myotis_emarginatus,9.717489521
Myotis_myotis,9.700867443
Myotis_mystacinus,8.301969754
Myotis_nattereri,9.15632663
Neomys_anomalus,9.465173155
Neomys_fodiens,5.616751207
Nyctalus_lasiopterus,11.29525557
Nyctalus_leisleri,9.215356603
Nyctalus_noctula,8.079257075
Oryctolagus_cuniculus,13.06888031
Pipistrellus_kuhlii,9.931142865
Pipistrellus_nathusii,8.552040642
Pipistrellus_pipistrellus,9.262813021
Pipistrellus_pygmaeus,8.63226461
Plecotus_auritus,7.806132359
Plecotus_austriacus,9.876911173
Plecotus_kolombatovici,12.18567446
Rangifer_tarandus,-0.337257247
Rhinolophus_blasii,11.28005331
Rhinolophus_euryale,12.81829298
Rhinolophus_ferrumequinum,9.983839281
Rhinolophus_hipposideros,9.765715728
Rhinolophus_mehelyi,14.75494368
Rupicapra_pyrenaica,NA
Rupicapra_rupicapra,4.369376599
Sciurus_vulgaris,6.433728457
Sicista_betulina,4.861493451
Sicista_severtzovi,7.188812568
Sicista_strandi,6.777324623
Sicista_subtilis,9.351840685
Sorex_alpinus,4.670452164
Sorex_antinorii,6.35373015
Sorex_araneus,4.64226719
Sorex_caecutiens,0.503406843
Sorex_coronatus,10.03905302
Sorex_granarius,13.52662145
Sorex_isodon,2.195178927
Sorex_minutissimus,1.113583386
Sorex_minutus,6.353363864
Sorex_samniticus,13.77260237
Spalax_graecus,NA
Spalax_leucodon,10.94610085
Spalax_zemni,8.699412637
Spermophilus_citellus,10.53674712
Spermophilus_suslicus,8.408277711
Suncus_etruscus,13.66032443
Sus_scrofa,9.156439247
Tadarida_teniotis,11.76551704
Talpa_caeca,9.231224213
Talpa_europaea,7.506746236
Talpa_levantis,12.93424678
Talpa_occidentalis,12.92405772
Talpa_romana,14.13342384
Talpa_stankovici,11.06773176
Ursus_arctos,2.497970933
Vespertilio_murinus,5.931689582
Vormela_peregusna,11.19917066
Vulpes_vulpes,7.046227633
